,Civilian employed population 16 years and over_2015,"Agriculture, forestry, fishing and hunting, and mining_2015",Construction_2015,Manufacturing_2015,Wholesale trade_2015,Retail trade_2015,"Transportation and warehousing, and utilities_2015",Information_2015,"Finance and insurance, and real estate and rental and leasing_2015","Professional, scientific, and management, and administrative and waste management services_2015","Educational services, and health care and social assistance_2015","Arts, entertainment, and recreation, and accommodation and food services_2015","Other services, except public administration_2015",Public administration_2015,Industry_2015,2015_Median_AQI
0,"87,864",813,"6,714","7,626","2,533","14,823","4,118","1,765","4,878","9,505","16,638","11,135","3,530","3,786",14.40%,38.0
4,"43,651","1,168","2,502","4,209","1,433","6,533","3,101",503,"1,440","3,232","10,681","4,610","2,325","1,914",9.20%,33.0
5,"305,944","2,281","15,031","29,959","9,370","29,946","16,820","6,767","25,055","32,880","80,718","26,547","18,550","12,020",14.90%,48.0
7,"163,650","1,566","7,007","16,218","3,026","18,800","3,833","3,787","6,048","29,894","36,961","14,607","8,453","13,450",10.30%,38.0
8,"174,686","1,742","12,218","23,280","4,629","20,173","9,005","2,903","7,960","16,437","47,349","13,756","10,348","4,886",11.50%,40.0
9,"99,715",466,"4,309","11,244","1,990","12,231","2,926","1,555","6,263","10,913","21,202","11,011","4,695","10,910",10.60%,45.0
10,"50,762",155,"5,110","9,165","1,047","6,707","2,523",515,"1,958","4,719","9,679","3,618","2,744","2,822",9.20%,38.0
11,"102,381","1,008","6,062","8,467","3,677","11,811","6,704","2,183","10,766","14,113","20,882","7,630","5,245","3,833",13.70%,39.0
13,"86,538",899,"4,906","14,531","1,669","9,275","3,988","1,807","3,622","5,862","25,683","7,008","4,108","3,180",12.00%,49.0
17,"65,735",735,"2,474","4,777",293,"7,354","3,564",612,"3,103","4,114","19,324","12,210","2,245","4,930",12.50%,44.0
18,"1,934,880","14,024","126,246","147,423","50,942","241,809","102,798","40,300","192,496","252,808","399,520","203,880","90,730","71,904",15.50%,64.0
19,"71,494",494,"4,189","3,803","1,584","11,315","5,105","1,102","3,477","5,739","13,593","12,232","4,615","4,246",14.70%,17.0
21,"429,496","5,429","29,907","25,295","7,623","52,872","15,897","6,372","22,700","55,722","105,016","51,495","22,662","28,506",14.10%,45.0
22,"135,816","3,873","8,276","13,297","2,925","17,269","4,758","2,064","9,804","13,236","29,677","14,646","5,301","10,690",22.70%,63.0
23,"84,647","1,942","6,224","4,546","1,476","11,734","4,468","1,343","3,194","9,102","19,818","12,404","4,260","4,136",10.20%,41.0
24,"72,053","8,263","5,011","2,781","1,395","7,668","2,479",703,"3,063","6,403","13,826","8,882","3,806","7,773",10.70%,43.0
29,"180,595","1,100","8,492","14,756","4,316","23,542","8,765","5,282","12,270","15,802","47,454","15,579","9,394","13,843",11.10%,44.0
31,"106,239","1,757","6,703","16,526","3,302","13,049","4,501","1,497","5,180","10,882","27,543","7,351","5,335","2,613",7.00%,37.0
33,"836,462","3,366","45,288","80,754","22,451","73,840","46,887","29,816","50,013","156,367","179,168","73,407","44,993","30,112",15.80%,46.0
34,"92,602","4,174","5,341","5,543","1,277","12,071","2,192","2,172","4,783","8,877","25,242","14,564","3,008","3,358",26.30%,52.0
35,"536,149","5,028","40,044","35,400","12,554","56,487","29,618","13,612","45,884","85,756","114,253","48,447","27,617","21,449",12.90%,44.0
36,"79,944",875,"6,215","6,643","1,182","10,098","4,133","1,714","5,416","10,472","15,483","8,559","3,819","5,335",28.10%,44.0
37,"397,209","42,468","21,404","30,628","13,517","43,395","17,011","5,656","18,412","29,367","95,502","35,608","17,697","26,544",16.60%,80.0
38,"59,202","2,545","4,281","2,317","1,478","9,322","1,940",634,"2,386","4,423","16,634","6,257","2,353","4,632",21.00%,36.0
39,"59,958","5,167","4,076","1,629","1,050","6,957","4,157",481,"1,541","3,823","17,210","5,179","2,571","6,117",16.60%,63.0
40,"344,626","59,577","22,244","17,550","11,229","35,869","17,623","3,784","12,200","27,787","66,127","29,643","18,139","22,854",11.50%,84.0
41,"52,823","7,586","1,854","3,293",908,"4,645","1,899",329,985,"3,426","12,814","4,723","2,833","7,528",11.70%,71.0
43,"4,831,360","26,458","279,541","471,726","164,029","509,564","271,060","206,647","300,484","629,848","993,951","540,940","288,947","148,165",14.90%,79.0
44,"58,279","11,076","2,656","7,026","1,201","5,088","2,230",624,"1,429","4,031","11,193","5,686","2,419","3,620",13.70%,63.0
45,"130,101",944,"5,781","6,118","4,279","13,600","2,569","5,394","14,174","27,296","25,880","10,565","8,573","4,928",14.70%,36.0
47,"98,425","14,969","7,205","11,329","2,451","10,402","5,528",456,"2,727","7,054","21,594","7,424","3,974","3,312",8.70%,58.0
48,"182,151","35,300","11,354","8,181","6,314","16,367","5,733","1,326","5,889","16,055","35,537","22,612","7,724","9,759",15.50%,37.0
49,"70,701","5,124","4,780","8,968","2,489","6,035","1,907",570,"3,281","5,108","15,524","10,671","3,441","2,803",17.10%,44.0
51,"1,559,173","8,962","92,825","209,316","54,080","155,444","53,764","32,910","132,057","220,638","298,457","173,061","85,194","42,465",22.70%,56.0
52,"166,681","1,632","11,626","9,779","4,291","20,366","7,862","3,953","12,443","20,224","38,372","15,840","8,913","11,380",11.50%,45.0
53,"981,103","17,598","88,831","84,376","27,643","132,484","55,588","13,108","51,390","100,069","201,398","107,826","55,058","45,734",14.60%,87.0
54,"671,358","6,332","42,028","38,567","17,500","75,557","37,743","12,053","48,509","81,411","148,749","61,914","30,115","70,880",12.80%,54.0
55,"877,027","4,812","63,605","81,649","29,403","115,497","78,016","11,375","42,352","83,229","193,660","82,513","46,122","44,794",14.40%,83.0
56,"1,552,867","13,647","85,725","140,724","43,902","164,890","58,830","36,522","91,145","233,101","329,615","191,470","86,667","76,629",15.30%,61.0
57,"506,320","1,727","16,573","27,967","8,187","50,631","19,160","32,749","46,160","115,217","89,027","58,735","22,801","17,386",16.80%,35.0
58,"292,491","14,603","24,043","29,287","10,317","36,219","23,947","4,828","14,609","27,615","57,727","23,579","13,076","12,641",14.30%,56.0
59,"128,903","4,059","9,683","8,955","2,099","15,230","6,083","1,527","5,732","12,658","32,583","17,127","5,686","7,481",15.10%,53.0
60,"400,912","2,408","20,433","31,396","9,025","41,021","23,276","16,347","25,508","76,032","80,094","41,889","19,458","14,025",12.90%,32.0
61,"214,133","20,268","11,591","17,583","4,716","19,700","6,296","4,963","9,660","24,041","49,254","26,328","11,774","7,959",14.20%,45.0
62,"967,374","4,906","49,912","171,575","17,620","84,976","27,376","46,197","45,740","191,319","179,670","83,740","37,819","26,524",14.20%,43.0
63,"132,081","8,503","8,794","10,467","3,677","12,775","4,062","2,610","5,169","14,561","30,944","19,128","7,674","3,717",16.80%,35.0
64,"72,329","2,009","5,662","3,725","1,192","9,931","2,177","1,955","4,044","5,650","18,804","7,029","4,805","5,346",17.20%,44.0
65,"193,706","3,868","15,723","16,817","5,673","23,444","11,995","3,181","9,051","22,107","43,270","15,583","8,887","14,107",14.00%,44.0
66,"250,066","9,586","22,821","23,628","7,516","28,466","9,806","5,044","15,731","27,215","52,389","27,877","11,517","8,470",12.60%,35.0
67,"215,825","12,922","14,480","26,154","10,863","30,317","13,645","2,559","7,663","15,038","46,256","17,626","10,493","7,809",11.60%,59.0
69,"170,090","33,095","7,356","13,036","4,689","19,712","7,789","1,542","5,116","12,663","34,234","13,611","7,475","9,772",14.80%,78.0
70,"405,614","22,923","24,728","44,002","10,636","45,622","14,894","10,652","29,333","47,766","76,684","38,903","21,831","17,640",11.90%,50.0
71,"97,488","3,625","4,783","4,548","1,953","9,946","4,477","1,497","3,903","11,405","27,145","11,017","4,614","8,575",11.20%,44.0
72,"246,554","5,126","30,032","19,964","10,812","27,919","17,027","7,174","13,290","25,691","43,925","23,307","12,880","9,407",24.00%,45.0
73,"332,194","4,377","21,120","19,275","7,964","40,438","19,809","12,938","31,767","49,420","67,601","29,430","15,127","12,928",14.70%,45.0
74,"172,041","1,754","7,511","16,622","3,846","17,726","3,856","5,997","7,400","34,622","42,322","18,351","8,583","3,451",25.40%,44.0
75,"372,635","5,105","31,056","20,671","10,599","35,040","16,013","13,035","29,016","64,863","71,900","42,319","18,638","14,380",14.60%,52.0
76,"172,340","2,789","10,516","10,621","4,733","19,897","6,664","8,773","19,327","28,441","32,047","14,839","6,998","6,695",9.80%,44.0
77,"308,529","2,383","20,746","17,663","5,062","39,266","13,872","7,691","21,370","41,440","67,977","34,515","17,498","19,046",17.60%,44.0
78,"307,206","5,685","23,255","24,498","8,335","34,519","11,864","10,791","22,518","48,333","60,204","27,682","16,115","13,407",13.10%,45.0
79,"174,576","4,205","12,999","18,257","3,685","19,056","3,835","3,821","9,051","20,089","46,304","18,273","8,015","6,986",12.20%,49.0
80,"69,184","4,525","5,062","2,947","1,798","9,727","3,407","1,228","3,821","6,834","16,677","6,471","3,751","2,936",8.80%,45.0
81,"65,558",868,"5,408","5,538","1,498","8,783","3,242","1,335","2,588","6,082","17,331","6,051","2,864","3,970",12.40%,19.0
82,"139,270","11,026","11,832","14,920","4,208","15,360","8,065","2,013","7,454","13,018","27,261","11,175","7,708","5,230",12.20%,47.0
83,"472,541","1,230","32,647","36,494","13,647","48,596","16,876","13,077","56,905","74,382","108,393","36,241","22,153","11,900",13.20%,46.0
84,"447,101",779,"21,207","48,782","11,190","46,390","19,086","10,139","53,005","49,105","120,701","28,620","17,201","20,896",12.00%,45.0
85,"96,620",981,"7,233","13,357","2,236","10,925","4,135","2,265","6,246","8,268","24,494","7,610","5,112","3,758",10.40%,39.0
86,"87,621",381,"5,680","11,041","2,505","7,577","3,776","2,418","6,573","9,331","23,191","7,576","4,403","3,169",9.00%,43.0
87,"427,933",759,"24,749","45,742","11,792","50,251","17,585","9,469","27,994","43,271","127,298","31,964","20,382","16,677",12.10%,45.0
88,"131,346",713,"6,839","14,987","2,050","16,784","6,027","2,650","7,027","12,351","32,086","18,641","3,568","7,623",10.10%,36.0
89,"83,087","1,023","5,595","10,603","1,535","8,069","3,127","1,089","7,277","7,399","22,351","8,687","3,514","2,818",16.60%,39.0
90,"60,849","1,283","4,277","6,991","1,509","8,451","2,684",955,"2,799","4,109","16,701","6,655","2,172","2,263",13.90%,35.0
91,"77,287",663,"4,846","6,156","1,660","11,187","2,423",842,"4,187","6,411","17,546","9,852","3,549","7,965",12.50%,41.0
92,"278,333","1,609","14,238","20,612","3,625","31,585","12,388","4,720","35,631","31,891","73,151","26,879","11,504","10,500",29.00%,48.0
93,"91,896","2,834","9,774","9,496","2,077","12,057","3,104","1,197","3,921","7,022","21,075","8,641","5,283","5,415",9.90%,42.0
94,"121,517","2,321","4,113","3,648","1,411","11,846","4,131","2,353","6,775","12,737","48,243","13,431","6,111","4,397",14.20%,34.0
95,"82,156","1,128","5,895","5,167",795,"12,366","3,489","1,887","4,390","9,012","16,988","11,099","2,974","6,966",16.80%,37.0
96,"241,881","1,734","14,811","23,135","4,722","32,561","9,928","4,166","10,700","33,393","53,964","27,101","13,225","12,441",17.60%,37.0
97,"942,614","3,776","61,573","44,318","31,793","129,294","55,380","23,085","68,595","133,002","192,476","109,793","51,951","37,578",13.90%,34.0
99,"151,828","5,898","16,411","7,023","3,390","19,889","7,046","2,616","11,473","19,207","21,543","24,260","9,519","3,553",15.90%,33.0
101,"433,627","2,490","22,724","28,996","12,007","53,268","28,445","7,525","50,783","52,501","90,397","44,835","20,497","19,159",15.90%,38.0
102,"136,849","1,495","6,983","5,314","2,993","22,518","6,538","1,799","12,391","16,343","28,084","16,731","7,874","7,786",11.90%,40.0
104,"637,791","8,969","46,498","30,513","19,014","70,929","30,974","14,913","67,140","92,336","141,646","62,531","26,917","25,411",15.50%,44.0
106,"129,511","1,474","9,361","7,753","2,724","15,653","5,308","1,298","9,889","13,841","29,065","21,783","4,746","6,616",10.10%,34.0
107,"277,323","2,496","31,198","11,454","5,469","45,736","9,959","5,171","20,866","36,685","52,707","33,454","13,908","8,220",12.40%,36.0
108,"142,062",432,"4,247","1,828","2,516","17,474","5,059","2,053","8,910","15,955","39,683","19,359","6,520","18,026",26.20%,40.0
109,"148,415","1,283","13,676","10,821","4,291","21,196","5,318","1,544","9,429","17,108","29,936","19,731","8,142","5,940",15.50%,34.0
110,"111,085","2,900","7,522","7,431","2,874","18,650","4,930","1,603","6,864","10,600","27,039","11,517","4,897","4,258",9.70%,35.0
111,"1,261,863","9,989","98,439","54,408","46,992","149,400","94,244","26,607","97,510","157,942","249,083","151,944","82,364","42,941",12.30%,40.0
113,"655,717","2,524","39,921","30,037","18,985","80,260","32,345","15,811","47,463","90,004","123,289","128,500","27,716","18,862",18.80%,38.0
114,"143,825",311,"9,975","4,942","3,734","22,090","7,301",691,"6,813","17,399","22,798","36,303","4,896","6,572",19.40%,32.0
115,"653,531","7,322","50,530","26,075","20,397","86,919","25,452","12,471","57,290","96,015","134,580","79,343","35,262","21,875",13.50%,37.0
116,"203,112","1,427","15,593","10,309","6,030","27,812","10,156","4,945","16,088","25,437","47,450","19,760","9,818","8,287",9.80%,37.0
117,"445,914","1,959","26,502","31,107","10,582","61,450","16,165","8,627","43,517","65,152","92,828","49,461","24,413","14,151",13.10%,38.0
118,"258,761","5,599","18,140","13,944","9,293","38,123","14,741","3,512","16,036","29,700","51,051","36,589","12,628","9,405",23.50%,37.0
120,"120,654","1,595","10,518","4,014","2,747","17,130","3,521","1,944","5,526","18,157","27,814","14,893","7,976","4,819",14.40%,32.0
121,"72,424",676,"6,888","4,045",897,"7,762","4,138","1,567","5,580","7,736","13,485","7,478","6,037","6,135",11.90%,38.0
122,"158,795",474,"11,034","11,032","3,437","19,240","5,420","2,413","13,765","22,405","36,476","19,716","8,764","4,619",16.20%,40.0
123,"218,095",462,"11,998","11,372","4,983","25,440","9,627","6,168","23,973","35,009","50,940","22,838","8,850","6,435",12.90%,34.0
124,"209,562","1,302","16,068","13,143","4,513","27,721","10,894","4,458","15,112","23,894","44,849","26,223","12,250","9,135",19.20%,36.0
125,"61,564",366,"2,836","5,522","1,066","7,340","3,297",967,"5,069","5,811","18,177","5,515","2,478","3,120",14.10%,41.0
126,"133,525",426,"7,380","10,747","2,255","18,706","9,600","1,658","7,161","13,712","31,423","16,639","7,171","6,647",14.40%,36.0
128,"121,425",559,"8,487","8,900","4,146","14,836","15,766","1,989","4,983","11,933","24,263","12,552","6,540","6,471",23.80%,39.0
129,"383,927",734,"29,860","27,833","13,086","44,136","19,414","15,441","32,199","60,364","75,320","32,562","19,897","13,081",11.40%,42.0
131,"368,437",299,"17,516","21,144","7,784","39,635","24,691","14,897","24,590","58,068","84,330","38,742","17,409","19,332",12.50%,50.0
133,"65,067",810,"4,940","5,776","2,077","8,329","6,032","1,975","2,697","7,040","13,673","5,553","2,920","3,245",14.40%,37.0
136,"508,206","1,611","17,721","30,926","14,044","50,661","31,144","19,433","45,037","96,298","99,002","56,755","24,200","21,374",14.30%,49.0
138,"438,765",393,"41,754","38,076","17,301","58,184","20,572","13,288","32,442","61,770","72,623","42,163","27,265","12,934",13.50%,40.0
139,"86,852","1,731","6,573","18,044","4,188","10,186","4,948","1,048","4,436","7,087","15,207","6,130","4,352","2,922",16.10%,48.0
140,"97,169",50,"4,749","8,258","3,383","10,442","10,549","2,628","5,944","13,499","20,001","8,175","3,322","6,169",16.00%,36.0
143,"77,398",196,"4,646","9,067","1,165","9,125","2,561","1,186","9,033","6,286","15,889","8,543","3,723","5,978",15.70%,38.0
145,"79,370",531,"5,847","7,600","1,016","12,245","4,659","1,163","2,704","9,465","18,128","7,924","3,036","5,052",16.80%,39.0
148,"84,143","3,029","8,316","1,302","1,713","10,640","4,657",880,"5,273","8,014","16,651","11,453","4,813","7,402",10.40%,58.0
149,"471,067","3,378","34,912","16,527","12,959","53,877","27,797","8,406","32,399","45,852","96,635","69,130","22,656","46,539",17.20%,34.0
151,"83,147","1,893","6,446","1,521","2,528","8,896","4,593","1,799","5,876","9,255","13,884","18,736","3,008","4,712",14.40%,25.0
152,"211,320","2,792","13,294","17,062","5,744","24,180","8,084","4,887","14,515","28,270","50,752","19,108","11,447","11,185",10.90%,40.0
155,"87,152","5,253","6,306","10,913","2,483","11,953","3,124","1,429","3,908","7,897","18,530","6,524","4,962","3,870",11.90%,27.0
156,"69,862","1,131","6,062","5,679","2,136","8,283","2,580",981,"4,592","6,694","16,863","8,466","3,402","2,993",10.20%,30.0
158,"32,044",770,"1,404","4,505","1,455","3,936","1,443",395,"2,425","2,477","8,675","2,033","1,515","1,011",7.00%,40.0
159,"101,586",726,"3,873","9,239","2,552","10,720","4,009","1,861","4,938","9,125","38,849","9,566","3,074","3,054",12.30%,42.0
160,"2,521,026","5,316","119,545","249,971","74,609","256,086","171,896","54,240","207,092","360,171","564,363","247,468","122,641","87,628",15.60%,53.0
161,"490,503","1,073","23,672","62,873","17,790","48,311","29,515","12,823","42,754","73,544","101,970","43,816","20,952","11,410",13.00%,39.0
162,"265,968","2,343","18,361","42,970","10,126","27,595","14,526","6,064","16,830","33,220","53,522","23,156","11,876","5,379",16.00%,35.0
163,"351,135",757,"17,537","58,982","17,865","42,351","12,230","4,475","26,533","51,400","63,162","29,578","15,290","10,975",15.00%,35.0
164,"163,454","1,113","11,661","25,028","6,772","20,279","7,659","3,681","12,394","17,433","30,525","15,375","7,531","4,003",11.70%,43.0
165,"91,757","1,010","3,287","5,747","1,808","11,839","3,084","1,089","18,944","8,472","20,511","10,377","2,986","2,603",12.10%,37.0
166,"47,989","1,278","3,137","7,726","1,142","5,549","2,864",776,"3,069","3,481","10,085","4,998","2,135","1,749",10.60%,40.0
167,"123,979","1,191","6,906","15,372","2,851","14,760","8,818","2,179","7,253","9,611","28,674","13,943","6,800","5,621",8.60%,44.0
168,"85,449","1,338","4,412","14,295","2,241","9,338","3,669","1,325","4,054","8,042","21,784","6,931","4,417","3,603",10.10%,42.0
169,"69,021",466,"3,856","13,651","1,639","8,845","4,486","1,350","2,687","5,025","15,084","5,929","2,992","3,011",7.70%,36.0
170,"93,156","1,279","4,631","5,125","2,066","8,819","3,816","1,647","8,926","8,568","23,711","9,244","4,142","11,182",21.50%,34.0
171,"342,392","1,859","22,514","38,345","11,467","45,034","25,321","6,992","23,851","39,149","74,314","29,611","12,403","11,532",12.60%,45.0
172,"131,245",656,"6,661","27,816","3,188","16,032","5,363","1,770","5,709","11,442","29,660","12,460","6,254","4,234",10.70%,35.0
173,"175,857","1,050","10,069","33,499","5,443","19,536","6,508","3,531","13,603","13,836","40,518","16,005","8,851","3,408",10.20%,43.0
174,"56,842",278,"3,011","9,025","1,071","6,845","5,171",910,"4,417","3,851","10,781","6,234","3,285","1,963",9.30%,44.0
175,"52,858",497,"2,569","5,817","1,273","6,252","2,013",420,"1,854","4,667","16,007","7,775","2,189","1,525",11.10%,36.0
176,"92,706",772,"3,882","34,536","1,757","9,572","3,575",992,"3,159","5,283","15,459","6,200","5,242","2,277",26.80%,42.0
178,"165,516","1,461","9,291","18,840","5,570","17,277","5,306","3,456","18,418","23,704","37,047","13,206","7,396","4,544",7.70%,37.0
180,"85,188",329,"3,279","11,070","2,451","7,073","8,613","1,489","4,431","8,445","20,915","8,205","5,633","3,255",18.50%,35.0
184,"215,612",859,"14,660","34,692","4,575","27,724","14,025","2,305","10,503","18,909","49,449","21,469","9,575","6,867",14.90%,47.0
185,"46,640",716,"2,472","10,646",894,"6,369","2,687",430,"1,708","3,152","9,806","4,017","2,232","1,511",13.10%,40.0
186,"56,603",468,"3,084","7,093","1,401","6,699","3,528",848,"2,500","5,275","14,165","5,260","2,984","3,298",10.60%,38.0
187,"452,244","1,081","25,223","47,581","15,590","59,706","30,415","9,862","27,504","53,145","92,764","49,664","22,954","16,755",13.00%,51.0
189,"76,412",228,"4,815","13,947","1,523","8,669","4,797",687,"3,036","8,018","19,880","5,206","2,954","2,652",8.30%,41.0
190,"123,580",582,"5,278","23,380","3,462","13,942","3,615","3,273","5,761","10,661","35,210","10,000","4,947","3,469",13.30%,45.0
191,"94,641",976,"4,826","17,145","2,112","11,217","2,698","1,435","4,084","6,023","30,673","8,883","2,978","1,591",9.00%,38.0
192,"87,789",768,"5,084","14,095","3,046","10,895","4,056","2,297","4,893","8,416","18,131","9,640","4,020","2,448",7.40%,46.0
193,"46,484",343,"3,411","7,594",970,"5,823","1,712",440,"2,393","2,915","12,193","5,390","1,728","1,572",17.60%,44.0
194,"69,138","1,121","2,900","13,047","1,832","9,122","2,618",977,"3,570","5,131","18,609","6,449","2,771",991,11.20%,49.0
195,"83,017",994,"3,839","6,252",709,"8,939","2,410","1,043","4,969","6,348","35,003","8,327","2,715","1,469",9.90%,36.0
196,"117,437",873,"7,202","18,762","2,718","15,847","6,955","4,038","8,192","11,321","26,084","7,227","5,265","2,953",9.50%,41.0
197,"248,032","3,146","17,282","22,384","5,767","27,193","10,429","4,924","35,833","25,663","55,244","21,592","9,969","8,606",10.30%,36.0
198,"47,487","1,211","3,736","5,842","2,156","5,858","3,221",914,"3,288","3,567","10,315","3,542","2,277","1,560",11.40%,32.0
199,"84,327",888,"6,102","15,410","2,345","9,078","3,950","1,446","5,417","6,541","18,302","9,457","2,778","2,613",9.40%,56.0
201,"52,168",968,"3,155","9,956","1,628","6,595","2,974",601,"3,467","3,259","9,510","6,480","1,887","1,688",11.90%,28.0
203,"312,737","1,587","13,614","25,071","11,991","33,291","11,444","11,848","32,163","52,417","71,250","23,428","13,345","11,288",7.20%,35.0
206,"243,672","2,337","16,695","45,520","5,830","31,538","9,168","5,080","11,216","21,186","54,868","22,850","11,183","6,201",10.80%,40.0
207,"83,877",309,"5,184","7,652","1,115","9,306","4,486","1,589","7,344","6,735","23,041","6,667","4,245","6,204",14.10%,36.0
208,"75,726",270,"8,134","9,041","2,885","8,681","5,945",889,"3,513","8,422","13,252","6,704","4,370","3,620",10.70%,45.0
209,"65,245",250,"3,338","10,033","2,399","8,343","5,867","1,195","4,806","6,508","10,156","6,405","3,000","2,945",9.80%,39.0
210,"37,153",449,"1,476","6,198","1,532","5,504","4,118","1,250","2,525","2,516","6,611","1,779","1,939","1,256",6.50%,39.0
211,"46,781",420,"1,876","5,684",975,"5,643","1,872",808,"4,693","4,340","12,822","4,161","2,208","1,279",7.50%,43.0
214,"162,221","2,821","7,937","14,908","3,224","20,467","3,748","3,213","7,130","19,449","46,100","18,338","8,870","6,016",8.50%,39.0
216,"375,008","2,106","18,551","43,154","11,616","40,907","27,424","6,656","29,539","35,670","91,354","37,918","18,775","11,338",11.30%,49.0
220,"56,640",673,"4,018","8,887","1,243","6,618","2,806","1,185","2,741","4,409","13,333","6,885","2,005","1,837",8.70%,38.0
221,"54,658",828,"3,569","5,873","1,533","7,060","2,408","1,128","4,096","5,021","15,228","3,858","2,063","1,993",5.90%,36.0
222,"29,939","1,912","1,681","3,076",377,"3,361","2,101",537,"1,293","1,323","8,925","2,230","1,483","1,640",8.40%,37.0
223,"156,642","1,909","9,251","11,972","4,390","18,749","5,443","4,117","13,568","18,582","42,830","13,829","8,285","3,717",9.20%,38.0
224,"57,796",970,"4,263","4,564","1,309","8,377","1,920",688,"2,536","4,057","16,729","4,106","2,612","5,665",5.10%,35.0
225,"68,454","1,226","4,177","4,068",851,"11,344","3,297","1,031","3,175","4,411","23,825","5,335","3,096","2,618",6.90%,37.0
226,"105,884","1,544","8,682","13,213","2,039","12,860","2,879","2,504","7,716","8,338","26,765","11,699","3,746","3,899",10.90%,40.0
227,"288,276",483,"20,741","13,626","9,471","30,296","12,160","5,912","14,586","43,868","56,155","26,931","14,316","39,731",14.30%,44.0
228,"418,209",924,"24,749","22,738","9,976","48,140","18,881","9,787","30,264","55,195","110,070","37,744","19,725","30,016",14.90%,42.0
229,"86,245","1,034","7,027","5,930","2,506","8,317","3,635","2,540","6,002","10,120","19,254","5,901","4,871","9,108",9.40%,43.0
230,"50,609",648,"4,294","4,938",918,"6,733","3,149",960,"3,719","4,760","11,748","4,237","1,743","2,762",18.60%,44.0
231,"79,406",536,"7,952","2,406","1,044","8,186","3,339","1,806","3,246","11,743","16,052","6,136","3,808","13,152",14.70%,44.0
232,"131,344","1,508","11,532","7,512","3,722","12,836","4,752","2,938","10,077","19,443","30,420","9,474","6,596","10,534",10.90%,44.0
233,"125,798",577,"9,708","7,522","4,282","16,635","5,424","1,986","9,668","14,239","30,247","8,453","5,891","11,166",14.40%,43.0
234,"555,886","1,102","32,205","16,643","6,549","43,844","16,046","14,325","34,517","125,133","118,328","50,278","36,551","60,365",12.90%,45.0
235,"481,178",737,"39,190","8,099","5,951","43,690","29,603","9,060","22,169","76,522","107,093","46,487","28,882","63,695",14.10%,50.0
236,"67,216",98,"5,632","6,373","1,577","8,272","5,053","1,315","3,605","7,021","13,125","5,598","2,642","6,905",10.70%,44.0
237,"104,949","1,470","9,439","4,019","1,804","16,724","3,945","1,414","6,609","12,992","21,877","11,447","7,702","5,507",12.10%,34.0
238,"63,926",470,"4,632","5,108",975,"7,539","1,700","1,673","3,469","6,643","18,884","7,025","3,796","2,012",16.00%,34.0
239,"277,429","1,466","20,444","32,340","9,710","36,608","9,840","4,684","15,291","22,601","74,625","27,385","11,222","11,213",13.80%,37.0
240,"397,040",766,"21,995","40,313","9,951","41,958","14,093","9,514","25,932","53,476","103,669","39,131","21,274","14,968",13.70%,37.0
241,"219,197","1,486","9,393","24,986","6,481","28,541","10,811","4,176","17,102","16,976","63,604","18,485","7,778","9,378",13.70%,39.0
242,"85,358",833,"1,974","4,675","1,795","9,798","2,941","1,825","4,163","6,179","37,429","7,534","3,198","3,014",15.20%,36.0
243,"864,950","1,479","43,856","86,043","15,184","70,387","23,082","28,804","61,549","154,613","245,858","69,541","37,252","27,302",15.40%,33.0
244,"370,381",598,"19,160","25,546","7,170","38,030","14,122","9,445","40,848","56,469","105,673","27,923","13,601","11,796",14.30%,37.0
245,"256,734","1,155","16,947","18,583","7,664","31,949","14,409","5,039","21,834","30,460","61,991","24,625","11,623","10,455",15.80%,36.0
246,"423,556",818,"17,209","19,087","8,014","38,493","17,839","9,923","33,927","66,971","128,588","47,551","18,644","16,492",19.80%,43.0
247,"407,572","1,780","21,859","51,742","10,245","49,774","14,331","7,326","26,091","43,403","114,039","35,158","17,877","13,947",11.30%,37.0
248,"53,267","1,518","4,468","15,141","1,316","6,198","1,779",487,"1,740","3,799","8,721","4,291","2,368","1,441",8.30%,41.0
249,"47,249",430,"3,089","6,775","1,401","7,226","2,125",814,"2,128","3,201","11,915","4,599","2,519","1,027",13.60%,33.0
250,"70,514",676,"3,694","14,496","1,555","8,356","3,522","1,059","3,380","5,190","16,192","7,912","3,035","1,447",17.10%,42.0
251,"37,811","1,194","2,158","4,228",686,"4,032","1,062",301,"3,487","4,094","9,178","3,180","1,096","3,115",9.70%,39.0
252,"168,901",772,"9,461","27,953","3,952","22,772","7,254","1,902","8,820","14,197","41,510","16,005","9,200","5,103",10.10%,40.0
253,"136,629",871,"4,403","13,157","2,642","15,213","5,173","2,185","9,744","13,024","41,359","14,019","6,340","8,499",11.20%,40.0
254,"130,471","1,027","4,798","21,167","2,661","13,842","3,517","1,459","7,953","12,220","38,297","14,646","4,872","4,012",14.10%,41.0
255,"323,479","4,135","15,134","61,598","13,051","39,269","12,136","4,980","18,125","31,728","70,505","29,427","16,417","6,974",8.90%,40.0
256,"41,947",771,"2,626","8,782",657,"4,709","1,451",490,"2,190","2,801","10,351","2,721","2,496","1,902",10.30%,42.0
257,"415,063",995,"22,998","87,836","10,766","48,026","15,452","4,970","24,914","39,605","86,192","39,956","19,337","14,016",9.60%,43.0
258,"69,299","1,328","4,048","15,503","1,392","6,406","4,340",485,"2,197","5,697","16,748","6,086","3,166","1,903",12.30%,33.0
259,"72,983",539,"4,118","19,560","1,487","8,715","1,676","1,055","1,746","5,141","15,659","7,363","3,338","2,586",10.90%,42.0
260,"626,676","1,645","27,037","113,156","16,915","61,867","18,462","13,009","45,262","88,446","142,585","57,367","24,303","16,622",11.80%,41.0
261,"141,505","1,642","7,200","35,879","5,084","14,982","4,762","1,827","6,692","10,991","29,284","12,384","7,186","3,592",10.00%,42.0
263,"71,745",608,"5,551","15,618","1,344","7,681","4,469",902,"2,721","3,660","15,044","6,910","3,427","3,810",11.80%,40.0
264,"181,977","1,072","6,340","18,416","2,807","17,851","5,569","3,926","6,436","21,370","67,910","18,718","7,214","4,348",11.10%,42.0
265,"712,421","2,340","28,536","121,790","17,430","81,992","44,365","11,232","41,394","77,506","157,889","72,599","32,771","22,577",13.70%,52.0
266,"187,249","1,132","13,011","28,397","4,796","19,391","10,256","3,353","15,806","17,242","44,684","13,453","9,324","6,404",9.20%,37.0
267,"228,936","1,534","11,255","26,995","7,508","24,977","15,750","5,114","23,124","27,048","45,348","21,582","9,584","9,117",9.20%,31.0
268,"681,944","2,656","28,112","78,494","20,505","75,309","24,180","13,336","67,544","101,632","162,184","62,521","30,214","15,257",11.50%,45.0
269,"79,896","1,762","3,184","7,134","1,316","8,129","2,459","1,524","2,685","5,968","35,455","5,110","3,347","1,823",14.10%,36.0
270,"278,389",937,"10,581","34,371","8,313","29,059","10,363","5,781","21,435","31,363","77,856","24,845","12,937","10,548",12.60%,33.0
271,"77,608",846,"6,342","11,481","3,031","8,594","4,077","1,291","6,292","7,184","15,384","7,563","3,938","1,585",9.10%,32.0
272,"85,722","2,506","6,691","12,074","2,145","11,045","3,596","1,304","4,004","6,873","22,866","6,666","3,942","2,010",9.10%,33.0
273,"133,637",557,"7,646","18,688","3,864","14,932","5,734","2,577","11,104","12,691","33,326","9,920","5,562","7,036",10.30%,40.0
274,"70,261","1,601","7,653","11,069","2,692","6,893","3,472","1,472","6,557","6,746","12,992","3,327","3,568","2,219",6.80%,32.0
275,"83,395",696,"5,041","7,622","4,451","9,696","10,420",794,"5,946","7,518","15,926","8,973","3,420","2,892",13.90%,39.0
277,"80,369",868,"6,755","5,554","2,285","10,541","4,192","1,093","3,144","5,986","16,124","12,973","3,915","6,939",11.10%,38.0
278,"102,646",607,"5,396","7,690","1,979","10,658","6,406","2,503","3,673","10,625","29,041","10,835","4,835","8,398",11.10%,45.0
285,"90,460",752,"3,815","5,842","1,735","11,263","3,115","2,032","7,976","7,807","31,814","8,330","2,691","3,288",5.60%,38.0
286,"43,442",383,"2,789","7,415",937,"4,356","2,279",749,"2,294","4,230","10,648","4,602","1,260","1,500",11.90%,38.0
287,"50,662",624,"4,189","5,629","1,326","6,012","3,062","1,260","3,261","5,109","10,043","4,578","2,546","3,023",10.00%,40.0
288,"122,645",821,"4,784","15,661","4,583","14,085","8,893","2,598","9,109","14,096","26,017","10,997","5,486","5,515",10.00%,41.0
289,"138,696",896,"8,023","12,685","3,542","17,116","6,115","3,201","9,558","14,523","37,646","14,109","7,633","3,649",9.20%,38.0
290,"337,144",738,"21,632","29,678","9,462","38,900","19,817","7,450","23,910","42,912","79,006","32,474","15,837","15,328",11.60%,38.0
291,"58,582",484,"3,175","8,293",792,"8,816","5,223",816,"2,190","3,147","14,302","6,292","3,988","1,064",8.20%,35.0
292,"111,048",820,"11,796","13,201","2,744","12,717","5,011","1,680","7,531","10,589","24,319","9,449","7,151","4,040",7.60%,46.0
294,"37,292","1,824","2,946","1,527",705,"3,889","1,981",618,"2,173","2,402","9,562","4,935","2,578","2,152",9.70%,26.0
295,"43,794","1,198","5,735","2,476",958,"5,135","1,869",683,"3,602","4,558","10,782","3,379","2,069","1,350",10.60%,42.0
296,"56,194","1,730","6,190","2,305","2,048","7,861","2,024",440,"2,281","4,602","15,018","7,157","2,261","2,277",12.00%,22.0
297,"60,583","1,342","3,508","1,731","1,470","9,080","2,419","1,784","3,477","6,207","15,774","7,603","3,553","2,635",18.20%,49.0
298,"80,152","2,458","7,905","4,018","2,384","9,444","3,763","2,451","5,529","8,128","18,195","8,360","4,245","3,272",9.80%,28.0
299,"284,474","2,732","18,605","22,870","7,676","31,136","13,460","6,657","30,311","36,796","69,399","26,103","11,581","7,148",12.10%,42.0
300,"167,273","1,874","11,706","15,579","3,852","18,841","7,083","2,711","12,632","16,862","45,204","14,337","7,189","9,403",21.50%,37.0
301,"91,817",882,"6,458","6,438","3,664","10,067","5,816","1,983","8,976","9,796","22,275","6,471","4,601","4,390",11.00%,33.0
302,"975,157","3,082","59,913","35,113","17,297","117,985","49,536","13,581","62,795","116,646","141,085","281,820","42,635","33,669",16.70%,58.0
303,"219,522","1,966","13,752","14,804","7,612","27,469","13,597","3,200","12,869","26,746","40,848","37,273","10,993","8,393",12.70%,49.0
304,"39,915",528,"2,702","4,976","2,080","4,928","1,991",677,"1,604","2,746","11,465","3,390","1,676","1,152",13.20%,38.0
305,"46,901",973,"3,497","4,453",673,"4,251","1,215",473,"1,900","3,833","16,542","5,512","2,081","1,498",8.00%,35.0
306,"221,277","1,332","13,142","30,421","6,985","25,254","8,157","5,660","16,089","29,426","51,812","15,274","11,429","6,296",8.50%,38.0
307,"76,518",675,"5,770","7,801","2,201","9,799","2,265","1,333","4,865","7,531","20,703","6,586","3,027","3,962",8.30%,33.0
308,"173,766","1,229","10,890","25,151","5,886","22,320","8,746","4,337","11,151","21,420","37,818","12,230","6,243","6,345",10.80%,41.0
310,"128,434",571,"8,405","5,071","2,586","15,182","4,942","1,772","5,854","10,615","30,032","32,801","4,981","5,622",11.50%,37.0
311,"477,434",447,"25,760","36,740","22,878","54,815","25,033","16,516","48,692","63,735","110,556","35,584","22,880","13,798",14.20%,47.0
313,"248,104",279,"12,647","17,502","7,504","26,774","13,947","4,222","18,676","31,260","69,729","22,581","12,035","10,948",13.60%,47.0
314,"66,220","3,141","4,600","8,844","1,513","8,058","3,852",480,"2,713","4,803","17,267","4,512","2,071","4,366",16.00%,33.0
315,"371,110",157,"19,928","23,467","9,103","33,791","28,343","11,750","26,375","52,232","100,043","33,403","18,630","13,888",18.40%,38.0
316,"143,071",773,"9,638","10,120","4,727","16,599","9,134","2,735","9,749","16,900","38,346","12,432","6,114","5,804",11.40%,42.0
317,"353,633",149,"19,564","24,002","14,030","35,561","27,366","11,955","39,603","52,637","71,127","30,051","17,364","10,224",14.70%,42.0
318,"65,982",935,"3,777","7,025","3,438","6,178","1,660","2,610","6,152","9,740","14,155","5,044","2,865","2,403",9.30%,36.0
319,"180,186",315,"7,622","14,930","4,924","20,198","7,873","3,029","15,404","25,475","44,496","14,722","8,047","13,151",11.80%,42.0
320,"403,939",464,"22,871","35,860","17,021","43,087","27,646","12,798","34,899","61,013","88,555","28,974","17,772","12,979",15.00%,36.0
321,"311,403",780,"21,444","18,789","8,820","36,510","14,327","13,021","31,521","40,222","72,109","27,968","14,862","11,030",12.40%,41.0
322,"263,313",345,"12,708","25,528","9,627","29,467","9,987","9,491","26,678","44,379","58,386","18,508","11,304","6,905",10.10%,36.0
323,"259,480",523,"22,400","13,629","8,288","39,929","14,478","4,227","16,607","25,580","67,413","21,131","11,633","13,642",14.90%,39.0
324,"229,788",59,"15,677","28,979","7,556","30,035","16,380","5,433","12,036","25,018","53,644","15,228","12,617","7,126",18.50%,39.0
325,"274,936",117,"15,615","25,521","8,793","30,010","21,875","6,241","24,314","37,264","58,585","21,819","13,435","11,347",13.60%,44.0
326,"55,817",892,"4,121","4,406","1,724","9,058","2,609","1,180","4,437","8,098","9,647","5,071","3,023","1,551",9.00%,35.0
327,"309,526","3,523","20,692","11,312","8,002","38,423","9,051","6,179","15,760","45,730","77,493","36,966","17,057","19,338",11.50%,49.0
329,"61,134",617,"3,757","3,931","2,268","7,445","2,727","1,025","3,958","7,408","14,737","7,234","2,437","3,590",11.70%,41.0
330,"51,078","5,804","4,723","1,528","2,011","4,873","4,323",385,"1,910","3,957","10,898","5,029","3,061","2,576",11.50%,44.0
331,"71,599",976,"4,404","1,820",745,"8,299","2,191","1,388","3,508","11,728","15,814","10,395","3,968","6,363",10.00%,42.0
333,"159,252",884,"7,836","7,174","2,924","15,502","5,955","3,637","12,026","15,761","43,298","15,517","9,658","19,080",14.80%,37.0
334,"600,417",800,"32,342","22,465","10,284","68,411","42,170","10,334","38,327","52,915","194,118","74,131","35,414","18,706",17.70%,46.0
336,"57,550","1,330","3,168","11,306",918,"6,604","2,124",503,"1,510","3,447","14,999","5,667","2,445","3,529",11.70%,38.0
338,"139,698","1,036","9,686","11,381","3,105","14,824","7,984","3,678","8,712","14,926","38,981","12,686","6,279","6,420",16.80%,33.0
339,"451,150","1,166","23,739","44,870","12,949","50,732","20,150","7,335","36,482","45,740","121,692","46,895","18,641","20,759",11.20%,45.0
340,"45,588",736,"2,989","2,495","1,216","5,787","1,943",590,"2,114","2,424","11,565","4,642","3,433","5,654",9.40%,32.0
341,"1,228,592","1,665","60,646","41,357","26,235","115,564","79,832","52,283","90,148","163,981","352,328","128,767","69,733","46,053",21.10%,32.0
343,"367,870","1,215","17,015","38,895","8,558","42,923","13,919","9,598","18,694","43,895","112,195","31,032","18,474","11,457",13.50%,37.0
344,"683,510",987,"38,583","30,358","22,353","70,402","40,687","22,996","67,328","82,929","198,955","48,585","30,380","28,967",18.20%,26.0
345,"908,640",264,"16,914","24,286","22,903","66,541","28,000","57,900","144,017","174,978","205,883","107,231","37,054","22,669",17.20%,46.0
346,"99,673",617,"5,744","14,118","2,948","12,786","5,297",973,"5,150","7,987","25,642","9,537","5,993","2,881",9.60%,36.0
347,"100,357",903,"5,278","10,969","1,847","12,463","3,903","1,065","5,615","7,956","30,664","8,340","4,385","6,969",13.30%,27.0
348,"224,008","1,628","11,950","16,032","6,966","25,998","11,470","5,198","13,794","22,699","68,329","22,674","8,862","8,408",12.10%,35.0
349,"171,199","1,037","8,895","14,316","6,756","21,803","9,835","4,725","9,294","14,437","45,706","14,793","8,021","11,581",16.90%,36.0
350,"52,656",392,"4,375","6,170","1,107","6,519","4,404","1,019","2,026","3,495","12,637","5,863","2,119","2,530",9.90%,32.0
352,"1,146,156","2,113","79,954","46,191","29,724","113,870","95,157","28,220","87,074","131,443","272,870","137,568","74,406","47,566",18.90%,42.0
354,"208,536",272,"16,477","5,045","2,752","21,271","13,783","5,376","21,075","24,664","61,620","14,626","7,833","13,742",18.60%,43.0
356,"115,673",830,"7,723","11,198","2,396","15,238","4,010","2,327","8,240","13,792","28,023","9,376","4,292","8,228",9.70%,32.0
358,"41,292","1,511","2,193","7,768",721,"4,625","1,635",773,"1,407","3,079","10,515","3,536","1,752","1,777",8.40%,34.0
359,"744,715","3,156","57,239","51,280","23,337","84,752","42,317","21,485","52,865","87,288","195,702","57,078","33,634","34,582",20.10%,41.0
362,"42,559","1,649","3,086","7,516",743,"4,889","1,485",655,"2,144","3,758","11,079","2,075","2,081","1,399",11.20%,31.0
363,"477,980",450,"28,840","19,613","11,693","46,854","19,843","15,124","51,226","71,693","124,739","41,173","28,137","18,595",17.50%,38.0
365,"117,832",992,"7,331","10,199","2,142","15,544","3,081","1,229","5,962","13,292","30,706","15,749","7,488","4,117",10.30%,36.0
369,"67,277",241,"3,915","19,735","2,557","7,733","2,564",785,"2,705","5,058","12,142","6,267","1,641","1,934",10.20%,39.0
370,"122,639",599,"6,783","8,747","1,805","18,114","3,843","2,322","4,414","12,613","32,606","13,633","6,778","10,382",12.00%,41.0
371,"73,582",527,"7,006","16,567","1,368","8,664","3,988","1,454","2,460","5,291","14,927","4,965","3,529","2,836",9.50%,45.0
372,"157,950","1,546","10,245","12,891","2,380","11,694","3,020","3,532","7,658","19,851","55,598","16,754","6,198","6,583",10.80%,41.0
373,"168,831",985,"11,109","19,835","4,470","18,162","7,191","2,287","10,794","18,312","46,199","15,083","9,019","5,385",13.00%,43.0
375,"245,890","1,284","15,087","29,962","8,514","27,458","12,553","3,700","20,199","25,142","56,757","24,837","13,700","6,697",15.80%,41.0
377,"87,561","1,453","9,266","8,471","4,395","11,509","2,848",768,"3,309","7,233","18,168","9,429","3,999","6,713",9.70%,39.0
379,"534,403","1,343","35,618","41,743","18,428","61,186","27,929","16,417","70,900","73,514","98,664","53,045","25,196","10,420",12.00%,44.0
381,"105,493",418,"7,608","7,493","2,903","14,203","4,704","3,376","5,648","10,805","28,266","12,108","5,629","2,332",13.50%,33.0
384,"81,798","1,063","5,243","9,105","1,393","9,598","2,547","1,531","3,707","4,752","24,554","10,210","4,117","3,978",29.40%,39.0
388,"60,385",427,"6,118","10,279","1,693","7,845","3,090",336,"1,937","4,397","13,744","5,990","3,144","1,385",6.90%,45.0
389,"109,270","1,015","8,232","12,679","3,653","12,150","5,370","2,514","11,181","13,895","23,297","8,535","4,270","2,479",16.20%,44.0
390,"528,812","1,789","34,734","41,230","13,765","56,269","19,497","18,882","39,890","101,164","107,542","46,214","21,748","26,088",12.50%,45.0
392,"51,848","2,221","4,900","2,093","1,770","5,953","3,243",489,"2,760","4,414","13,868","4,006","2,516","3,615",10.00%,34.0
393,"97,937","2,177","7,688","9,844","4,281","10,599","4,040",888,"7,609","10,196","23,596","9,862","4,949","2,208",8.80%,38.0
394,"49,872",422,"2,296","10,720","1,817","3,790","2,371",293,"2,521","3,140","12,168","5,247","2,703","2,384",9.00%,34.0
395,"39,519",619,"2,249","9,687","1,069","4,122","1,724",737,"1,141","2,213","10,635","2,989","1,305","1,029",5.70%,41.0
397,"177,826","1,231","9,864","25,902","6,018","22,359","8,046","2,334","13,123","16,344","41,175","18,284","7,559","5,587",9.40%,41.0
398,"60,796",479,"2,626","11,522","1,868","6,940","2,766",553,"3,490","5,452","15,451","4,856","2,727","2,066",12.60%,44.0
399,"100,135",138,"7,182","16,640","2,794","13,513","4,688","1,872","8,658","12,135","18,397","6,587","4,925","2,606",10.60%,44.0
400,"45,330","1,312","2,247","9,181","1,532","4,657","3,784",596,"1,405","2,452","8,916","5,377","2,651","1,220",8.40%,18.0
401,"579,887","1,201","22,292","72,261","15,557","63,013","25,313","10,920","43,849","60,637","153,951","61,769","25,174","23,950",11.00%,44.0
402,"99,464",642,"3,687","8,092","4,250","10,999","3,432","2,680","12,717","14,784","22,394","7,726","3,519","4,542",8.30%,39.0
403,"645,548",973,"24,127","48,474","17,708","81,588","38,547","13,864","69,709","80,829","151,913","67,105","25,915","24,796",9.80%,44.0
404,"47,945",655,"4,106","7,533","2,035","5,680","1,772","1,162","2,956","4,471","9,927","3,731","2,706","1,211",9.30%,44.0
405,"78,307",645,"3,210","8,866","1,821","8,066","2,279","1,106","4,893","9,281","21,037","6,499","4,176","6,428",9.70%,42.0
406,"392,385",801,"16,057","45,788","9,646","46,858","18,803","6,508","33,616","48,343","99,117","38,849","15,585","12,414",9.80%,50.0
409,"120,554",685,"4,725","25,341","4,088","14,555","5,751","1,789","7,666","10,288","27,429","9,405","4,493","4,339",9.70%,43.0
410,"79,938",755,"5,590","9,487","1,598","11,760","3,472","1,283","7,111","6,634","16,368","7,002","3,699","5,179",8.70%,42.0
411,"138,855","1,210","8,914","22,973","3,940","15,795","5,172","1,806","8,980","12,204","31,620","13,252","6,212","6,777",8.90%,34.0
412,"197,937",397,"8,895","32,443","5,099","22,077","11,292","2,195","6,585","19,714","53,534","20,517","9,720","5,469",12.00%,41.0
413,"103,419",546,"5,693","13,486","2,750","14,583","5,051","1,220","6,016","9,118","25,624","9,912","5,598","3,822",8.00%,42.0
414,"93,013",645,"5,028","15,522","2,617","10,573","4,853","1,122","7,113","8,160","21,784","7,755","4,503","3,338",10.80%,46.0
415,"49,834",206,"2,585","12,152",580,"5,351","1,345",765,"2,762","4,768","10,299","4,879","1,631","2,511",9.20%,42.0
416,"241,469",610,"12,779","31,620","5,520","25,129","9,715","4,538","13,557","24,657","64,486","25,261","11,493","12,104",13.10%,43.0
417,"79,799",756,"4,391","15,413","1,387","8,920","3,612","1,340","2,648","6,402","18,458","9,097","4,858","2,517",8.70%,36.0
419,"184,215","3,032","11,811","30,287","7,331","21,105","7,978","3,537","9,578","15,560","41,633","18,608","9,647","4,108",7.20%,40.0
420,"264,497",591,"11,193","40,694","7,884","34,866","10,838","5,255","18,964","28,282","61,743","26,091","11,401","6,695",8.70%,52.0
421,"89,646",842,"4,541","20,456","1,357","11,148","5,440","1,351","4,199","6,199","18,911","8,891","3,806","2,505",8.40%,40.0
422,"111,476",769,"5,680","17,428","4,929","12,871","3,590","1,771","7,747","13,684","25,772","7,110","5,512","4,613",9.80%,42.0
423,"68,188",788,"3,409","12,593","1,672","7,383","5,222",949,"2,260","4,920","16,536","7,284","2,863","2,309",10.10%,41.0
424,"65,288","3,227","4,241","6,349","1,967","9,400","3,586",749,"3,513","5,657","12,383","6,851","2,402","4,963",10.30%,37.0
425,"137,046","3,982","7,073","9,106","4,001","15,882","6,116","2,515","8,020","12,794","36,703","13,724","6,929","10,201",17.00%,41.0
426,"52,450",966,"3,192","3,714",459,"6,375","2,185","1,203","4,057","4,803","11,696","5,010","3,940","4,850",9.70%,40.0
427,"30,759","1,112","2,393","4,494","1,018","4,076","1,847",243,"1,240","2,554","6,214","2,676","1,593","1,299",7.50%,36.0
429,"367,103","13,716","33,936","24,687","9,200","42,554","12,771","6,794","28,368","39,291","79,622","34,900","20,126","21,138",15.20%,42.0
431,"315,206","6,891","20,135","36,434","9,661","35,830","17,835","8,269","20,507","36,434","67,614","27,923","18,763","8,910",15.00%,45.0
432,"199,068","3,721","13,826","23,882","8,429","23,624","9,168","3,350","12,685","23,933","42,253","17,385","9,112","7,700",10.80%,32.0
433,"82,207","2,049","7,443","6,228","1,301","8,318","2,515","2,990","4,365","10,947","17,485","9,842","6,665","2,059",14.80%,33.0
434,"90,729","3,749","5,653","8,645","1,246","14,035","4,066","1,166","3,473","8,203","22,007","9,376","5,141","3,969",11.50%,43.0
437,"165,490","3,614","9,022","17,540","4,224","22,892","6,172","3,066","8,797","15,791","43,276","18,286","7,814","4,996",10.30%,40.0
438,"49,437","2,639","2,948","7,393","1,010","6,649","2,415",304,"1,723","3,727","13,264","2,621","1,755","2,989",11.40%,23.0
439,"148,397","9,654","12,270","16,052","3,511","18,872","4,627","1,538","7,260","14,242","31,438","11,659","7,096","10,178",9.80%,33.0
440,"419,701","5,985","17,481","36,670","12,832","44,738","18,160","9,763","24,713","59,828","107,665","48,706","19,908","13,252",9.20%,35.0
442,"288,228","4,684","13,032","50,740","9,647","31,156","9,969","6,766","20,527","40,341","56,039","23,784","10,548","10,995",10.40%,36.0
443,"51,023","1,070","3,315","9,690","1,027","6,518","2,321",529,"1,408","3,439","11,793","4,494","2,594","2,825",10.00%,44.0
444,"623,721","5,298","31,703","50,476","18,246","69,522","28,171","12,039","53,100","79,931","170,259","59,249","28,646","17,081",14.50%,53.0
445,"27,885",861,"2,958","4,157",647,"2,894","1,324",168,"1,192","1,796","7,807","1,679","1,326","1,076",9.60%,46.0
446,"81,321","1,096","4,284","10,565","2,472","9,655","7,216","1,039","4,622","7,578","19,049","7,268","4,217","2,260",11.70%,46.0
447,"200,854","2,523","10,876","39,280","7,314","24,110","10,363","2,602","11,881","18,320","44,631","14,731","8,981","5,242",26.90%,47.0
448,"56,198",713,"3,443","6,422","1,618","9,444","4,346","1,170","2,185","2,575","15,047","4,943","2,096","2,196",6.30%,44.0
449,"326,430","1,889","22,214","38,472","11,688","40,730","13,709","6,469","24,827","43,533","78,178","23,523","12,756","8,442",11.60%,46.0
450,"58,413","1,183","2,974","5,047","1,797","6,506","3,577",797,"2,875","3,814","17,589","5,793","3,128","3,333",8.50%,47.0
451,"77,408","1,249","3,590","6,720","1,161","7,839","2,243",377,"2,102","7,624","30,048","8,345","3,625","2,485",10.90%,42.0
452,"270,111","7,478","14,503","30,529","9,212","23,312","9,719","6,014","25,989","43,153","61,062","21,602","10,804","6,734",11.60%,48.0
453,"32,548","1,766","2,323","3,673",387,"5,237","3,032",463,"1,276","1,599","7,203","2,717","1,557","1,315",14.20%,38.0
454,"125,845","1,406","6,046","11,886","3,149","15,943","9,036","2,219","11,498","13,395","25,856","8,373","5,101","11,937",10.80%,45.0
455,"133,305",644,"5,322","11,005","4,160","15,216","7,936","2,329","10,159","11,737","32,570","13,256","5,662","13,309",22.30%,50.0
456,"280,126","1,448","14,260","19,063","7,405","28,316","14,752","5,961","22,637","33,684","85,623","22,825","12,612","11,540",17.00%,48.0
457,"127,249","1,544","5,023","22,891","2,649","12,943","4,647","1,862","8,760","8,107","32,116","16,257","6,351","4,099",9.90%,40.0
458,"72,851","1,851","4,271","11,913","2,050","8,569","4,714","1,063","4,860","5,216","15,357","4,978","3,609","4,400",10.30%,34.0
459,"100,019",725,"5,777","11,237","4,106","11,239","4,825","1,823","5,315","8,840","28,366","8,680","4,623","4,463",9.30%,43.0
460,"266,353","8,972","20,913","43,030","10,008","30,268","12,796","2,936","12,580","24,446","60,192","20,219","12,909","7,084",20.10%,50.0
461,"37,488",682,"2,286","5,954",836,"5,190","2,600",424,"1,867","2,338","9,486","2,754","1,931","1,140",9.30%,33.0
462,"175,761",560,"8,694","25,651","5,450","20,964","11,673","2,751","9,437","20,592","42,474","16,442","7,198","3,875",9.90%,34.0
463,"148,579",854,"6,785","19,681","5,339","20,848","9,466","1,909","7,395","13,179","36,653","13,447","5,351","7,672",11.90%,34.0
464,"55,739","1,614","3,653","8,444","1,630","6,341","2,899",873,"1,681","4,011","15,597","5,110","2,086","1,800",11.90%,34.0
465,"49,103","1,172","2,112","7,867",645,"6,344","2,057",690,"2,253","3,722","14,115","3,915","2,137","2,074",7.20%,45.0
466,"423,298","1,312","25,500","46,430","12,294","43,094","13,953","10,516","40,826","64,186","103,786","32,741","20,353","8,307",10.80%,42.0
467,"148,305","1,047","7,032","21,733","4,002","17,784","9,268","3,078","7,299","14,088","39,515","11,601","7,046","4,812",13.20%,50.0
468,"676,371","1,878","25,245","46,786","14,808","72,694","42,307","12,580","36,240","79,697","199,907","67,966","33,787","42,476",19.90%,51.0
470,"32,286","1,600","2,398","3,895",799,"3,576","2,062",226,"1,827","2,562","8,324","2,356","1,235","1,426",5.90%,34.0
471,"98,883","4,437","6,914","11,617","2,593","11,975","4,460","1,284","6,262","10,287","23,438","8,551","4,471","2,594",15.90%,50.0
472,"171,930","1,704","10,592","26,404","6,209","22,509","9,809","1,448","9,624","14,547","40,560","12,661","10,706","5,157",8.00%,44.0
473,"222,498","1,343","17,145","35,802","7,363","25,726","14,239","2,446","11,571","18,864","47,600","17,541","11,527","11,331",9.20%,48.0
474,"88,620",54,"4,917","11,746","3,006","9,976","3,606",944,"5,707","7,849","22,254","10,190","3,461","4,910",10.40%,37.0
475,"303,019",801,"13,506","36,774","9,499","37,415","12,472","5,459","19,314","27,663","83,648","31,942","13,837","10,689",14.20%,44.0
476,"65,560",431,"4,431","6,967","1,602","6,652","1,351",820,"3,600","6,438","17,712","9,068","3,466","3,022",14.60%,38.0
477,"70,130",697,"5,553","9,519","1,059","10,559","4,966",550,"2,893","7,357","14,048","6,078","4,117","2,734",10.20%,38.0
478,"86,601",679,"4,572","20,465","1,403","10,379","3,753","1,799","3,926","6,445","19,778","6,363","4,446","2,593",10.90%,38.0
480,"92,066",171,"8,075","11,055","2,560","10,734","5,218","1,658","5,051","11,044","17,197","8,256","4,506","6,541",22.20%,33.0
481,"196,142","1,031","11,907","10,645","5,503","19,005","8,859","4,272","14,584","29,290","43,935","28,520","9,912","8,679",16.30%,35.0
483,"59,710",320,"2,644","9,164","2,208","6,957","3,926",492,"2,978","3,533","16,253","4,432","3,830","2,973",12.80%,37.0
484,"229,422",977,"12,764","39,082","6,785","23,634","7,740","6,841","13,492","28,372","49,407","21,731","12,517","6,080",11.90%,44.0
487,"137,043","1,454","10,678","14,050","4,469","14,833","6,603","2,027","9,682","14,556","31,462","10,145","7,868","9,216",9.50%,35.0
490,"52,412",785,"4,313","10,284","1,132","4,918","2,645",500,"2,695","3,811","13,902","3,786","2,260","1,381",12.00%,39.0
491,"194,291",549,"9,427","15,463","3,862","24,718","9,652","3,861","16,847","19,281","45,323","20,930","9,787","14,591",15.00%,40.0
492,"134,166","1,010","7,915","29,533","6,030","15,486","5,927","3,091","5,316","10,576","25,914","12,956","8,131","2,281",11.40%,42.0
493,"122,708",456,"6,487","15,675","5,215","16,239","8,679","3,257","11,343","12,561","21,987","10,690","6,253","3,866",9.20%,33.0
494,"98,816",805,"7,542","11,927","3,952","10,920","4,462","1,626","9,809","7,164","26,202","8,640","3,365","2,402",6.80%,38.0
495,"54,629","1,502","3,958","3,585","1,399","6,467","2,580",748,"4,378","5,923","12,139","6,884","2,855","2,211",11.00%,40.0
497,"58,977",324,"3,260","8,997","1,270","7,972","2,633","1,275","4,466","7,208","11,659","5,113","3,477","1,323",9.30%,40.0
499,"363,716",337,"20,138","27,285","8,626","39,943","17,904","9,442","28,501","46,996","86,084","45,233","18,831","14,396",14.00%,45.0
500,"166,257",727,"7,941","21,620","4,801","20,611","13,746","2,611","12,820","17,469","35,861","16,019","8,609","3,422",9.20%,41.0
501,"226,545",961,"10,040","16,834","6,043","33,452","9,985","5,200","12,962","30,267","59,239","23,230","9,728","8,604",9.10%,43.0
504,"76,546",709,"4,376","10,478","1,364","10,498","3,801","1,149","3,316","8,260","17,487","6,442","3,194","5,472",13.60%,33.0
508,"434,881",694,"20,719","38,558","14,959","51,921","54,859","7,549","23,732","45,539","95,607","38,127","24,033","18,584",10.80%,42.0
509,"66,359",373,"4,977","10,561","2,461","7,921","1,684","1,349","3,095","5,457","17,159","6,273","2,812","2,237",10.40%,38.0
510,"88,193",689,"4,529","9,433","5,136","10,399","5,634","1,524","4,870","10,455","19,312","8,023","4,866","3,323",9.80%,40.0
511,"105,778",704,"4,927","8,589","3,122","10,017","2,266","4,090","11,256","15,422","25,768","9,566","6,223","3,828",13.80%,36.0
512,"60,648",285,"3,868","5,091","2,730","6,710","4,517",870,"4,881","7,000","11,688","5,965","4,094","2,949",12.20%,38.0
513,"858,184","13,197","64,260","50,570","23,377","103,544","38,961","17,107","76,754","96,500","192,767","98,232","40,791","42,124",11.60%,46.0
515,"163,024","2,817","15,430","22,546","2,518","13,545","9,744","2,730","6,871","18,489","43,089","10,684","8,005","6,556",12.20%,33.0
516,"154,177","3,253","11,558","8,263","3,973","21,395","8,424","2,274","6,331","11,549","49,669","11,954","7,656","7,878",12.90%,42.0
517,"472,022","4,171","22,613","44,571","13,569","54,885","14,456","16,730","52,750","78,764","94,877","39,081","23,055","12,500",12.40%,36.0
518,"1,254,419","11,162","121,330","108,286","37,050","135,246","79,224","33,309","104,549","180,026","219,955","127,970","69,459","26,853",10.80%,44.0
519,"418,085","4,477","22,518","32,914","16,080","50,592","24,384","12,114","40,612","57,177","81,366","39,591","23,706","12,554",17.00%,43.0
520,"75,131","11,145","7,411","4,082","3,445","8,540","4,383",803,"4,299","4,259","12,239","7,043","5,693","1,789",10.60%,30.0
521,"79,557",820,"6,696","9,260","2,423","10,591","6,777","1,503","5,525","8,836","15,699","5,206","3,564","2,657",10.50%,40.0
522,"342,886","4,054","18,164","23,373","9,328","41,726","24,165","5,644","18,809","37,253","82,365","35,566","15,582","26,857",14.70%,50.0
523,"150,643","3,567","14,098","13,764","2,767","14,628","6,289","2,096","9,430","17,159","36,885","16,649","5,898","7,413",17.00%,39.0
524,"55,799","2,948","2,244","7,866",730,"9,333","2,395",306,"2,783","4,481","13,262","4,872","3,163","1,416",11.70%,33.0
525,"2,203,452","78,111","221,125","212,800","80,188","246,327","147,992","28,776","132,054","281,919","405,906","198,199","117,747","52,308",13.00%,53.0
528,"309,408","12,992","24,016","13,781","11,107","43,584","16,429","3,242","12,939","24,818","89,662","27,586","17,968","11,284",9.00%,39.0
530,"106,495","1,423","11,640","13,906","2,442","12,781","4,562",863,"4,160","9,794","23,614","10,007","5,936","5,367",10.20%,42.0
531,"71,448","2,303","6,754","7,893","2,904","9,435","5,728",980,"3,529","5,267","15,686","3,809","3,188","3,972",8.90%,35.0
532,"51,435",625,"3,167","4,860","1,553","6,953","3,503","1,514","3,010","5,010","11,398","4,887","2,047","2,908",30.70%,37.0
534,"111,145","1,190","8,862","11,532","3,204","13,129","4,961","1,572","7,913","9,490","26,875","9,810","5,815","6,792",7.70%,38.0
535,"245,708","15,213","19,736","24,309","10,989","25,853","16,603","4,769","14,835","31,654","43,198","17,653","13,868","7,028",14.00%,42.0
536,"166,643","5,664","15,309","10,909","4,292","18,642","7,469","1,723","9,553","14,405","37,872","21,665","8,800","10,340",7.70%,41.0
538,"60,416","3,435","5,962","7,235","1,817","8,980","4,176",820,"3,419","4,294","11,131","3,551","3,302","2,294",10.70%,37.0
539,"54,885",925,"5,383","4,633","2,161","8,120","2,303",978,"2,695","4,396","12,207","5,836","3,588","1,660",7.60%,22.0
541,"98,334","3,616","6,539","6,710","2,321","14,235","3,764","2,647","5,729","7,785","27,200","8,564","6,517","2,707",8.60%,33.0
542,"971,342","14,337","65,831","99,335","33,819","120,326","74,487","19,209","71,066","106,019","194,238","87,317","50,409","34,949",10.30%,43.0
543,"642,147","5,172","48,464","47,015","14,332","61,996","21,228","19,990","48,368","113,901","125,334","68,756","32,803","34,788",10.90%,44.0
544,"42,035","1,730","3,444","3,943","1,252","7,232","2,365",454,"1,478","2,036","11,073","3,377","1,584","2,067",9.30%,32.0
545,"106,380","3,158","6,185","1,799","4,159","14,176","15,310",661,"3,709","7,693","26,692","10,200","6,221","6,417",11.80%,39.0
546,"57,513","1,458","3,218","10,203",711,"7,542","1,277",783,"2,002","7,638","14,257","4,249","2,588","1,587",11.20%,40.0
547,"157,340","1,264","9,348","17,416","4,707","19,747","8,227","2,917","11,378","18,986","31,449","12,876","6,969","12,056",8.30%,38.0
548,"563,382","5,527","36,673","64,755","16,235","68,736","27,923","12,301","49,561","72,870","109,060","53,290","24,794","21,657",10.70%,51.0
549,"260,151","1,909","19,835","25,259","8,000","33,300","7,775","8,559","13,823","33,491","65,687","21,535","12,406","8,572",11.00%,46.0
550,"62,786","1,165","4,598","3,967","1,230","9,992","2,407","1,481","3,854","6,014","14,620","9,027","2,369","2,062",8.80%,43.0
551,"113,751","1,273","8,182","20,466","3,197","11,553","4,825","1,483","6,279","11,639","20,602","7,712","4,547","11,993",10.40%,46.0
552,"92,236",800,"5,075","8,813","1,976","9,446","2,864","3,050","5,348","9,775","27,541","10,257","3,889","3,402",6.30%,36.0
553,"144,965",207,"8,197","3,060","1,174","5,385","2,560","4,144","13,321","40,474","21,912","9,482","9,479","25,570",8.90%,38.0
554,"173,429",404,"11,747","12,486","7,006","22,091","8,331","2,879","15,898","18,802","37,943","14,917","9,834","11,091",14.60%,39.0
555,"613,246","1,608","32,479","15,531","6,583","47,151","17,474","16,254","40,381","152,042","113,127","59,250","40,596","70,770",10.70%,40.0
556,"35,202",798,"4,291","1,084",848,"3,357","1,334","1,050","2,044","5,592","7,489","2,543","2,224","2,548",10.80%,36.0
557,"41,728",590,"3,382","4,617",748,"5,249","1,969","1,499","1,624","3,756","10,624","2,816","1,947","2,907",13.40%,39.0
558,"55,544","1,094","5,309","2,504","2,205","5,968","3,434","1,451","5,635","5,438","12,242","4,166","2,838","3,260",11.60%,40.0
559,"173,867",568,"8,105","9,939","4,993","21,511","8,558","3,255","21,037","19,968","41,411","16,802","8,136","9,584",14.30%,39.0
560,"203,967","1,150","10,533","7,904","2,956","17,673","8,776","8,955","15,290","54,248","31,973","17,780","9,691","17,038",11.10%,36.0
561,"227,288",292,"18,097","7,648","4,372","25,793","10,065","3,969","10,733","41,701","41,940","21,770","12,647","28,261",15.00%,30.0
562,"45,490",290,"2,100","4,211","1,141","4,825","2,754",324,"5,352","6,158","10,582","3,470","2,284","1,999",7.70%,38.0
563,"37,880","1,983","2,563","4,011","1,404","5,305","2,022",770,"1,801","3,414","9,079","3,209","1,242","1,077",12.50%,36.0
564,"67,347",274,"5,430","2,613",651,"7,575","1,793",942,"3,414","10,245","13,909","4,414","2,171","13,916",15.20%,40.0
565,"85,716","5,206","7,559","5,276","1,022","9,738","4,475","1,068","3,669","13,796","19,391","6,602","4,029","3,885",10.50%,30.0
568,"214,884","1,318","19,088","24,291","6,918","24,593","16,178","4,754","14,409","21,891","42,172","19,740","10,927","8,605",10.20%,33.0
569,"43,976","1,129","3,759","6,444",985,"6,253","2,263",459,"1,819","3,250","10,184","3,277","2,287","1,867",12.20%,20.0
573,"1,136,132","5,536","58,007","102,962","32,643","134,076","55,154","38,429","70,239","211,729","231,731","107,993","50,122","37,511",10.60%,45.0
574,"109,920",812,"7,835","12,034","1,862","11,850","4,661","1,206","4,888","12,312","22,801","13,528","5,396","10,735",8.00%,18.0
575,"30,058","1,811","2,122","2,962",667,"3,873","2,589",177,848,"2,087","5,927","2,583","1,418","2,994",6.00%,23.0
576,"378,773","2,395","30,670","40,654","11,640","46,755","25,128","6,223","18,642","31,823","87,199","34,654","17,269","25,721",12.50%,41.0
577,"54,890","2,592","4,848","6,893","2,466","5,654","2,437",609,"1,327","5,721","11,069","6,108","2,872","2,294",10.80%,35.0
578,"388,721","3,057","28,773","65,279","10,543","48,167","17,673","8,766","23,411","43,386","74,109","32,144","18,647","14,766",12.20%,28.0
579,"212,649","3,120","12,264","17,689","7,143","26,354","10,139","3,031","15,460","19,866","57,400","18,651","12,045","9,487",10.40%,42.0
580,"121,109","2,526","8,227","6,735","2,038","13,036","5,184","1,919","5,654","11,861","24,798","12,024","6,835","20,272",10.70%,31.0
581,"102,163","3,917","5,869","10,417","2,154","12,605","7,283","2,125","4,779","8,323","24,361","9,912","5,139","5,279",13.60%,30.0
582,"104,851","16,687","5,808","9,796","5,799","10,401","8,067","1,114","2,496","6,082","21,693","7,556","4,812","4,540",11.50%,36.0
583,"52,281",680,"3,347","4,109","1,850","6,253","4,181",770,"2,528","5,178","12,420","4,468","1,213","5,284",7.40%,44.0
586,"81,128","1,412","3,805","3,530","1,648","9,131","3,443","2,261","4,219","8,215","23,638","8,453","3,336","8,037",9.60%,33.0
590,"135,838","1,580","8,968","27,755","3,111","17,677","8,082","1,943","10,035","11,488","25,338","11,461","5,109","3,291",10.40%,38.0
591,"299,966","3,255","13,048","25,626","6,665","29,698","8,594","8,412","22,476","39,895","83,406","30,363","13,638","14,890",7.40%,40.0
592,"43,795","2,072","3,148","12,147","1,099","4,813","1,826",703,"1,311","2,658","8,372","2,720","1,332","1,594",7.90%,38.0
593,"55,400",821,"2,270","7,472","1,386","8,352","2,344",788,"3,802","3,947","16,079","4,572","1,933","1,634",9.80%,33.0
594,"53,310","2,213","3,529","11,160",867,"5,591","2,515",720,"3,395","2,887","11,894","4,518","2,277","1,744",8.40%,40.0
595,"45,548","1,485","3,291","10,928","1,431","5,094","1,531",264,"1,927","2,641","9,949","4,040","1,386","1,581",14.10%,40.0
596,"83,941","1,078","4,578","16,317","2,739","10,055","4,496","1,090","3,775","6,904","19,304","7,051","4,182","2,372",10.40%,41.0
597,"41,087","1,375","2,314","12,116",963,"5,017","1,938",484,"1,978","2,423","7,268","2,706","1,438","1,067",10.30%,38.0
598,"71,878","2,818","3,301","15,934","2,508","8,488","3,655",465,"5,982","3,826","16,272","4,700","2,031","1,898",7.20%,36.0
599,"460,033","2,395","18,795","69,892","11,843","45,350","19,524","7,733","29,721","47,377","123,704","49,792","18,976","14,931",11.30%,41.0
600,"100,284","1,096","8,258","21,636","2,779","10,950","3,969","1,176","6,659","8,501","18,074","10,173","3,567","3,446",8.40%,38.0
601,"46,736",811,"1,605","8,986","1,622","5,424","1,009",681,"4,395","5,564","9,926","2,759","2,387","1,567",9.40%,36.0
602,"95,117","1,050","5,524","20,337","3,223","10,460","5,308","1,188","4,679","8,632","20,776","7,207","4,393","2,340",10.30%,39.0
603,"78,782","1,456","4,719","17,596","2,164","10,165","2,730","1,261","3,135","5,349","18,572","6,324","3,163","2,148",11.90%,41.0
605,"59,624","1,023","2,595","19,712","1,082","6,789","2,984",239,"2,728","3,696","10,292","4,672","2,464","1,348",9.00%,40.0
606,"52,314","1,182","5,127","9,107","1,165","5,624","1,825",937,"2,442","3,406","11,691","6,724","1,888","1,196",11.10%,40.0
608,"213,574",739,"11,012","40,402","8,528","23,470","7,016","3,432","17,377","22,612","49,754","15,360","9,601","4,271",10.80%,40.0
611,"45,849","2,970","2,167","2,024",744,"7,010","2,983",989,"3,028","4,086","9,561","3,765",905,"5,617",13.70%,42.0
612,"40,357","4,000","2,803","2,240","1,310","5,649","1,710",724,"1,667","3,321","7,916","4,318","2,643","2,056",4.80%,41.0
