"State","County","Year","Days with AQI","Good Days","Moderate Days","Unhealthy for Sensitive Groups Days","Unhealthy Days","Very Unhealthy Days","Hazardous Days","Max AQI","90th Percentile AQI","Median AQI","Days CO","Days NO2","Days Ozone","Days PM2.5","Days PM10"
"Alabama","Baldwin",2003,278,189,77,11,1,0,0,174,77,41,0,0,189,89,0
"Alabama","Barbour",2003,15,9,6,0,0,0,0,84,67,38,0,0,0,15,0
"Alabama","Clay",2003,274,173,91,9,1,0,0,159,77,44,0,0,186,88,0
"Alabama","Colbert",2003,317,225,85,6,1,0,0,151,71,42,0,7,223,87,0
"Alabama","DeKalb",2003,361,239,109,11,2,0,0,164,80,44,0,0,280,81,0
"Alabama","Elmore",2003,240,181,54,5,0,0,0,143,74,42,0,0,240,0,0
"Alabama","Escambia",2003,121,65,56,0,0,0,0,91,68,47,0,0,0,120,1
"Alabama","Etowah",2003,284,166,108,10,0,0,0,143,80,47,0,0,194,89,1
"Alabama","Houston",2003,94,49,44,1,0,0,0,144,69,48,0,0,0,88,6
"Alabama","Jefferson",2003,365,34,286,43,2,0,0,177,105,69,0,0,45,242,78
"Alabama","Lawrence",2003,273,185,80,7,1,0,0,169,77,44,0,0,206,67,0
"Alabama","Limestone",2003,275,178,77,19,1,0,0,159,90,44,0,6,269,0,0
"Alabama","Madison",2003,365,235,116,14,0,0,0,143,84,44,0,0,276,79,10
"Alabama","Marengo",2003,36,36,0,0,0,0,0,36,30,19,0,0,0,0,36
"Alabama","Mobile",2003,362,241,103,16,2,0,0,182,80,40,39,0,184,91,48
"Alabama","Montgomery",2003,284,190,90,4,0,0,0,119,71,45,0,0,175,109,0
"Alabama","Morgan",2003,284,157,106,20,1,0,0,161,93,48,0,0,201,83,0
"Alabama","Pike",2003,48,47,1,0,0,0,0,76,33,19,0,0,0,0,48
"Alabama","Russell",2003,280,188,90,2,0,0,0,115,70,43,0,0,181,98,1
"Alabama","Shelby",2003,282,166,93,22,1,0,0,156,97,47,0,0,206,76,0
"Alabama","Sumter",2003,281,211,70,0,0,0,0,99,62,39,0,0,175,106,0
"Alabama","Talladega",2003,114,42,71,1,0,0,0,116,74,55,0,0,0,106,8
"Alabama","Tuscaloosa",2003,279,204,73,2,0,0,0,119,64,41,0,0,196,83,0
"Alabama","Walker",2003,104,45,57,2,0,0,0,106,71,52,0,0,0,104,0
"Alaska","Aleutians East ",2003,120,119,1,0,0,0,0,60,23,10,0,0,0,120,0
"Alaska","Anchorage ",2003,310,276,30,3,0,0,1,486,53,24,131,0,0,65,114
"Alaska","Denali ",2003,364,363,1,0,0,0,0,71,44,33,0,0,362,2,0
"Alaska","Fairbanks North Star ",2003,229,196,33,0,0,0,0,100,57,23,139,0,0,90,0
"Alaska","Juneau ",2003,82,73,9,0,0,0,0,86,52,20,0,0,0,80,2
"Alaska","Kenai Peninsula ",2003,113,113,0,0,0,0,0,30,16,5,0,0,0,113,0
"Alaska","Matanuska-Susitna ",2003,121,109,11,0,1,0,0,156,49,10,0,0,0,106,15
"Arizona","Apache",2003,352,351,1,0,0,0,0,60,35,19,0,0,0,32,320
"Arizona","Cochise",2003,351,192,152,7,0,0,0,126,80,49,0,0,332,9,10
"Arizona","Coconino",2003,359,209,141,9,0,0,0,126,84,48,0,0,348,11,0
"Arizona","Gila",2003,256,75,134,44,3,0,0,169,112,67,0,1,192,54,9
"Arizona","Graham",2003,60,57,3,0,0,0,0,61,38,19,0,0,0,0,60
"Arizona","Maricopa",2003,365,43,247,65,10,0,0,195,122,74,6,125,192,27,15
"Arizona","Mohave",2003,103,98,5,0,0,0,0,84,39,20,0,0,0,73,30
"Arizona","Navajo",2003,354,201,145,8,0,0,0,122,84,48,0,0,345,5,4
"Arizona","Pima",2003,365,164,170,30,1,0,0,154,97,52,0,48,241,33,43
"Arizona","Pinal",2003,365,168,145,47,5,0,0,172,108,58,0,0,335,13,17
"Arizona","Santa Cruz",2003,61,34,25,2,0,0,0,115,79,43,0,0,0,44,17
"Arizona","Yavapai",2003,263,154,109,0,0,0,0,100,74,49,0,0,211,45,7
"Arizona","Yuma",2003,225,150,63,11,1,0,0,164,84,44,0,0,193,0,32
"Arkansas","Arkansas",2003,114,59,55,0,0,0,0,98,65,50,0,0,0,114,0
"Arkansas","Ashley",2003,117,61,56,0,0,0,0,90,67,49,0,0,0,117,0
"Arkansas","Clark",2003,282,242,37,3,0,0,0,126,58,35,0,0,282,0,0
"Arkansas","Craighead",2003,116,61,54,1,0,0,0,102,64,49,0,0,0,116,0
"Arkansas","Crittenden",2003,363,250,91,19,2,1,0,203,84,42,0,0,314,49,0
"Arkansas","Faulkner",2003,103,48,54,1,0,0,0,108,68,52,0,0,0,103,0
"Arkansas","Garland",2003,114,65,49,0,0,0,0,83,64,46,0,0,0,114,0
"Arkansas","Jefferson",2003,117,62,55,0,0,0,0,100,67,48,0,0,0,117,0
"Arkansas","Marion",2003,60,48,12,0,0,0,0,63,59,35,0,0,0,60,0
"Arkansas","Miller",2003,63,40,23,0,0,0,0,77,61,46,0,0,0,63,0
"Arkansas","Mississippi",2003,111,65,46,0,0,0,0,88,66,45,0,0,0,111,0
"Arkansas","Montgomery",2003,361,337,23,1,0,0,0,108,47,32,0,0,361,0,0
"Arkansas","Newton",2003,362,262,91,6,3,0,0,169,71,44,0,0,331,31,0
"Arkansas","Phillips",2003,116,59,56,1,0,0,0,107,67,50,0,0,0,116,0
"Arkansas","Polk",2003,121,75,46,0,0,0,0,82,65,43,0,0,0,121,0
"Arkansas","Pope",2003,117,65,52,0,0,0,0,89,66,48,0,0,0,117,0
"Arkansas","Pulaski",2003,365,138,213,13,1,0,0,151,83,56,0,11,113,241,0
"Arkansas","Sebastian",2003,109,64,45,0,0,0,0,88,64,44,0,0,0,109,0
"Arkansas","Union",2003,102,58,44,0,0,0,0,80,69,45,0,0,0,102,0
"Arkansas","Washington",2003,113,80,33,0,0,0,0,85,59,40,0,0,0,113,0
"Arkansas","White",2003,114,63,51,0,0,0,0,80,66,47,0,0,0,114,0
"California","Alameda",2003,365,300,53,9,3,0,0,172,64,39,5,105,212,43,0
"California","Amador",2003,365,257,79,29,0,0,0,150,97,41,11,0,354,0,0
"California","Butte",2003,365,144,170,43,8,0,0,164,108,58,0,0,225,140,0
"California","Calaveras",2003,365,214,85,50,16,0,0,179,122,44,6,0,340,19,0
"California","Colusa",2003,365,291,73,1,0,0,0,101,63,38,0,0,279,43,43
"California","Contra Costa",2003,365,245,103,17,0,0,0,150,82,44,0,32,246,85,2
"California","Del Norte",2003,148,148,0,0,0,0,0,43,22,12,0,0,0,95,53
"California","El Dorado",2003,365,168,113,57,23,4,0,218,136,54,0,9,348,7,1
"California","Fresno",2003,365,40,131,95,87,12,0,212,177,107,0,11,231,122,1
"California","Glenn",2003,365,278,80,7,0,0,0,129,67,40,0,0,318,0,47
"California","Humboldt",2003,64,56,7,1,0,0,0,102,54,26,0,0,0,50,14
"California","Imperial",2003,365,124,177,54,9,0,1,736,113,61,16,54,233,38,24
"California","Inyo",2003,365,179,120,42,5,1,18,16515,132,51,0,0,294,3,68
"California","Kern",2003,365,23,118,100,93,31,0,223,197,118,0,0,206,157,2
"California","Kings",2003,364,166,121,66,11,0,0,187,126,56,0,65,244,46,9
"California","Lake",2003,363,331,32,0,0,0,0,84,48,37,0,0,359,4,0
"California","Los Angeles",2003,365,41,154,83,57,30,0,249,197,95,2,57,183,123,0
"California","Madera",2003,364,204,96,51,13,0,0,192,126,46,0,64,300,0,0
"California","Marin",2003,365,358,7,0,0,0,0,90,38,28,0,235,96,33,1
"California","Mariposa",2003,365,163,97,82,23,0,0,195,140,55,0,0,345,20,0
"California","Mendocino",2003,365,339,26,0,0,0,0,87,47,33,7,39,295,21,3
"California","Merced",2003,364,128,118,65,49,4,0,205,159,71,0,34,284,44,2
"California","Modoc",2003,2,2,0,0,0,0,0,42,42,42,0,0,0,2,0
"California","Mono",2003,314,177,117,11,2,1,6,5641,90,48,0,0,260,20,34
"California","Monterey",2003,365,333,29,3,0,0,0,136,48,36,0,12,332,13,8
"California","Napa",2003,365,350,12,3,0,0,0,143,43,31,2,101,258,0,4
"California","Nevada",2003,365,172,100,71,22,0,0,195,133,58,0,0,339,17,9
"California","Orange",2003,365,93,211,48,13,0,0,200,116,63,0,50,164,149,2
"California","Placer",2003,365,190,119,41,13,2,0,206,126,50,0,63,286,16,0
"California","Plumas",2003,355,277,71,7,0,0,0,144,70,41,0,0,235,71,49
"California","Riverside",2003,365,47,152,68,70,28,0,243,195,97,0,15,198,143,9
"California","Sacramento",2003,365,99,179,57,25,5,0,214,144,67,1,10,235,117,2
"California","San Benito",2003,365,257,88,19,1,0,0,156,90,43,0,0,365,0,0
"California","San Bernardino",2003,365,69,132,63,50,51,0,251,209,91,0,76,232,52,5
"California","San Diego",2003,365,82,204,71,7,1,0,289,126,68,2,41,185,134,3
"California","San Francisco",2003,365,294,66,5,0,0,0,116,62,37,1,105,145,113,1
"California","San Joaquin",2003,365,240,98,25,2,0,0,159,97,44,2,90,201,55,17
"California","San Luis Obispo",2003,365,265,88,11,1,0,0,159,80,44,0,16,326,17,6
"California","San Mateo",2003,365,335,27,3,0,0,0,126,47,33,0,111,208,46,0
"California","Santa Barbara",2003,365,203,122,35,5,0,0,192,101,48,0,7,345,12,1
"California","Santa Clara",2003,365,215,127,17,6,0,0,190,90,47,0,38,188,139,0
"California","Santa Cruz",2003,365,336,27,2,0,0,0,112,48,35,0,1,346,14,4
"California","Shasta",2003,364,262,77,18,7,0,0,177,90,43,0,0,342,20,2
"California","Siskiyou",2003,291,235,53,3,0,0,0,112,61,39,0,0,249,21,21
"California","Solano",2003,365,300,55,10,0,0,0,136,61,38,2,61,262,40,0
"California","Sonoma",2003,365,330,33,2,0,0,0,133,49,37,0,62,263,40,0
"California","Stanislaus",2003,365,194,102,53,16,0,0,187,126,49,4,84,226,48,3
"California","Sutter",2003,365,248,80,32,5,0,0,185,101,42,0,99,244,18,4
"California","Tehama",2003,278,155,85,35,3,0,0,156,105,46,0,0,261,0,17
"California","Trinity",2003,125,124,1,0,0,0,0,51,30,13,0,0,0,88,37
"California","Tulare",2003,365,56,126,93,78,12,0,210,177,101,0,0,224,140,1
"California","Tuolumne",2003,365,208,100,52,5,0,0,156,115,44,5,0,360,0,0
"California","Ventura",2003,365,164,105,68,27,1,0,209,143,54,0,47,277,36,5
"California","Yolo",2003,365,250,92,23,0,0,0,147,85,44,0,34,260,69,2
"Canada","New Brunswick",2003,175,163,12,0,0,0,0,87,49,32,0,0,175,0,0
"Canada","Saskatchewan",2003,340,331,9,0,0,0,0,98,35,15,0,287,0,53,0
"Colorado","Adams",2003,364,225,135,4,0,0,0,144,70,47,1,126,119,37,81
"Colorado","Alamosa",2003,364,343,21,0,0,0,0,98,41,23,0,0,0,22,342
"Colorado","Arapahoe",2003,354,248,76,26,2,2,0,215,90,44,0,0,319,35,0
"Colorado","Archuleta",2003,353,343,10,0,0,0,0,85,35,22,0,0,0,30,323
"Colorado","Boulder",2003,365,255,87,22,1,0,0,151,90,42,24,0,302,38,1
"Colorado","Delta",2003,63,54,8,1,0,0,0,131,55,26,0,0,0,39,24
"Colorado","Denver",2003,365,157,187,18,2,1,0,203,93,54,2,165,113,70,15
"Colorado","Douglas",2003,198,105,62,24,5,2,0,213,122,50,0,0,198,0,0
"Colorado","El Paso",2003,365,259,93,13,0,0,0,147,77,44,21,0,300,39,5
"Colorado","Elbert",2003,118,118,0,0,0,0,0,47,30,17,0,0,0,118,0
"Colorado","Fremont",2003,58,58,0,0,0,0,0,28,23,13,0,0,0,0,58
"Colorado","Garfield",2003,89,89,0,0,0,0,0,32,27,17,0,0,0,0,89
"Colorado","Gunnison",2003,364,213,145,6,0,0,0,115,74,48,0,0,332,8,24
"Colorado","Jackson",2003,113,113,0,0,0,0,0,33,18,8,0,0,0,113,0
"Colorado","Jefferson",2003,365,250,69,33,13,0,0,192,105,44,6,0,359,0,0
"Colorado","La Plata",2003,364,317,47,0,0,0,0,87,52,39,0,33,301,5,25
"Colorado","Larimer",2003,365,188,143,30,4,0,0,166,100,50,0,0,354,11,0
"Colorado","Mesa",2003,359,326,32,1,0,0,0,140,49,25,111,0,0,98,150
"Colorado","Montezuma",2003,357,246,110,1,0,0,0,126,74,46,0,0,349,8,0
"Colorado","Pitkin",2003,364,360,4,0,0,0,0,75,28,17,0,0,0,10,354
"Colorado","Prowers",2003,363,338,25,0,0,0,0,89,46,24,0,0,0,0,363
"Colorado","Pueblo",2003,128,119,9,0,0,0,0,93,48,30,0,0,0,92,36
"Colorado","Routt",2003,351,325,26,0,0,0,0,98,44,19,0,0,0,40,311
"Colorado","San Juan",2003,117,117,0,0,0,0,0,38,21,9,0,0,0,117,0
"Colorado","San Miguel",2003,119,115,4,0,0,0,0,72,35,20,0,0,0,38,81
"Colorado","Summit",2003,332,321,11,0,0,0,0,64,28,13,0,0,0,0,332
"Colorado","Teller",2003,336,334,2,0,0,0,0,56,31,19,0,0,0,0,336
"Colorado","Weld",2003,360,223,110,26,1,0,0,169,93,45,9,0,304,45,2
"Connecticut","Fairfield",2003,365,247,86,22,7,3,0,221,94,44,4,143,150,67,1
"Connecticut","Hartford",2003,365,216,137,12,0,0,0,147,74,46,29,38,112,185,1
"Connecticut","Litchfield",2003,243,166,60,14,3,0,0,182,90,44,0,0,175,68,0
"Connecticut","Middlesex",2003,179,130,33,9,6,1,0,206,100,43,0,0,179,0,0
"Connecticut","New Haven",2003,365,116,214,26,6,3,0,220,100,59,0,22,83,225,35
"Connecticut","New London",2003,237,162,56,14,3,2,0,208,80,43,0,0,165,72,0
"Connecticut","Tolland",2003,183,133,41,9,0,0,0,150,84,43,0,0,183,0,0
"Connecticut","Windham",2003,363,317,32,12,2,0,0,185,61,35,0,0,363,0,0
"Country Of Mexico","BAJA CALIFORNIA NORTE",2003,365,53,165,97,31,15,4,417,166,90,60,57,171,0,77
"Country Of Mexico","CHIHUAHUA STATE",2003,355,179,139,28,4,1,4,2405,102,50,92,0,212,0,51
"Country Of Mexico","SONORA",2003,61,26,33,2,0,0,0,114,85,52,0,0,0,0,61
"Delaware","Kent",2003,274,170,86,15,3,0,0,197,93,44,0,0,191,83,0
"Delaware","New Castle",2003,365,149,186,26,2,2,0,217,97,55,0,34,118,212,1
"Delaware","Sussex",2003,270,164,82,19,3,2,0,218,93,45,0,0,197,73,0
"District Of Columbia","District of Columbia",2003,365,128,213,20,2,2,0,207,92,57,1,80,66,217,1
"Florida","Alachua",2003,365,306,52,7,0,0,0,147,60,37,0,0,298,60,7
"Florida","Baker",2003,359,322,30,7,0,0,0,133,51,33,0,0,359,0,0
"Florida","Bay",2003,359,266,70,20,3,0,0,185,84,38,0,0,289,61,9
"Florida","Brevard",2003,365,322,36,7,0,0,0,147,53,36,0,0,321,25,19
"Florida","Broward",2003,365,295,67,3,0,0,0,112,56,38,10,39,133,182,1
"Florida","Citrus",2003,116,97,19,0,0,0,0,71,54,33,0,0,0,116,0
"Florida","Collier",2003,335,312,18,5,0,0,0,122,47,32,0,0,335,0,0
"Florida","Columbia",2003,364,325,33,6,0,0,0,140,51,34,0,0,364,0,0
"Florida","Duval",2003,365,251,101,13,0,0,0,136,71,43,2,33,183,145,2
"Florida","Escambia",2003,365,210,134,19,2,0,0,185,90,47,0,0,191,174,0
"Florida","Hamilton",2003,362,362,0,0,0,0,0,45,23,15,0,0,0,0,362
"Florida","Highlands",2003,359,326,24,9,0,0,0,129,50,36,0,0,359,0,0
"Florida","Hillsborough",2003,365,199,146,18,2,0,0,169,75,49,0,2,116,242,5
"Florida","Holmes",2003,353,294,54,5,0,0,0,150,61,34,0,0,353,0,0
"Florida","Indian River",2003,347,312,30,5,0,0,0,150,51,38,0,0,347,0,0
"Florida","Lake",2003,365,303,50,11,1,0,0,151,61,39,0,0,314,44,7
"Florida","Lee",2003,365,318,39,7,1,0,0,156,54,37,0,0,316,37,12
"Florida","Leon",2003,365,225,135,5,0,0,0,147,72,43,0,0,167,192,6
"Florida","Liberty",2003,363,327,32,4,0,0,0,140,50,32,0,0,363,0,0
"Florida","Manatee",2003,365,298,51,15,1,0,0,159,64,37,0,3,326,36,0
"Florida","Marion",2003,365,308,51,5,1,0,0,156,56,36,0,0,311,54,0
"Florida","Miami-Dade",2003,365,200,161,3,1,0,0,164,66,48,0,2,91,272,0
"Florida","Nassau",2003,353,314,36,3,0,0,0,140,53,20,0,0,0,0,353
"Florida","Orange",2003,365,230,127,8,0,0,0,147,66,45,0,12,121,231,1
"Florida","Osceola",2003,352,329,20,3,0,0,0,126,45,32,0,0,352,0,0
"Florida","Palm Beach",2003,365,306,55,4,0,0,0,119,55,38,0,5,227,127,6
"Florida","Pasco",2003,365,299,46,19,1,0,0,159,67,39,0,0,365,0,0
"Florida","Pinellas",2003,365,219,132,13,1,0,0,159,70,46,0,3,103,259,0
"Florida","Polk",2003,365,316,40,9,0,0,0,147,58,37,0,0,295,53,17
"Florida","Putnam",2003,365,365,0,0,0,0,0,50,33,19,0,0,0,0,365
"Florida","Santa Rosa",2003,364,271,74,17,2,0,0,197,84,38,0,0,325,39,0
"Florida","Sarasota",2003,362,288,60,11,3,0,0,179,67,39,10,1,310,39,2
"Florida","Seminole",2003,364,309,49,6,0,0,0,133,54,37,0,0,310,44,10
"Florida","St. Lucie",2003,365,333,30,2,0,0,0,101,48,35,0,22,282,53,8
"Florida","Volusia",2003,365,326,33,6,0,0,0,122,52,34,0,0,306,49,10
"Florida","Wakulla",2003,358,290,56,12,0,0,0,150,63,36,0,0,314,44,0
"Georgia","Bibb",2003,326,160,147,18,1,0,0,159,84,51,0,0,117,209,0
"Georgia","Charlton",2003,121,103,18,0,0,0,0,71,53,32,0,0,0,121,0
"Georgia","Chatham",2003,364,252,108,4,0,0,0,136,68,39,0,0,146,161,57
"Georgia","Chattooga",2003,52,52,0,0,0,0,0,49,29,19,0,0,0,0,52
"Georgia","Clarke",2003,249,137,105,7,0,0,0,150,79,47,0,0,152,97,0
"Georgia","Clayton",2003,113,38,71,4,0,0,0,108,77,55,0,0,0,113,0
"Georgia","Cobb",2003,285,152,115,15,2,1,0,203,93,49,0,0,180,105,0
"Georgia","Coffee",2003,49,32,17,0,0,0,0,84,67,40,0,0,0,49,0
"Georgia","Coweta",2003,287,187,90,10,0,0,0,147,80,44,0,0,199,88,0
"Georgia","Dawson",2003,214,136,68,10,0,0,0,150,87,44,0,0,214,0,0
"Georgia","DeKalb",2003,365,113,224,23,5,0,0,195,93,58,0,19,64,281,1
"Georgia","Dougherty",2003,121,58,63,0,0,0,0,97,70,52,0,0,0,118,3
"Georgia","Douglas",2003,263,192,54,14,3,0,0,172,90,41,0,0,240,0,23
"Georgia","Fayette",2003,245,179,52,14,0,0,0,136,87,39,0,0,245,0,0
"Georgia","Floyd",2003,118,42,72,4,0,0,0,123,83,60,0,0,0,116,2
"Georgia","Fulton",2003,365,113,222,25,4,1,0,202,97,58,1,33,87,243,1
"Georgia","Glynn",2003,275,206,67,2,0,0,0,112,67,38,0,0,196,75,4
"Georgia","Gwinnett",2003,309,167,120,17,4,1,0,203,90,46,0,0,186,123,0
"Georgia","Hall",2003,109,41,67,1,0,0,0,120,75,55,0,0,0,109,0
"Georgia","Henry",2003,305,189,98,18,0,0,0,140,90,44,0,0,210,95,0
"Georgia","Houston",2003,59,32,27,0,0,0,0,83,75,49,0,0,0,59,0
"Georgia","Lowndes",2003,52,33,19,0,0,0,0,73,63,46,0,0,0,52,0
"Georgia","Murray",2003,261,155,81,23,2,0,0,185,100,46,0,0,196,65,0
"Georgia","Muscogee",2003,315,169,142,3,1,0,0,175,74,47,0,0,127,188,0
"Georgia","Paulding",2003,365,199,148,18,0,0,0,150,85,47,6,42,121,196,0
"Georgia","Pike",2003,361,288,62,10,1,0,0,156,77,36,0,0,361,0,0
"Georgia","Richmond",2003,325,187,126,12,0,0,0,140,78,46,0,0,170,154,1
"Georgia","Rockdale",2003,363,283,54,25,1,0,0,156,90,33,0,125,238,0,0
"Georgia","Spalding",2003,57,57,0,0,0,0,0,45,30,17,0,0,0,0,57
"Georgia","Sumter",2003,210,159,45,5,1,0,0,151,77,39,0,0,210,0,0
"Georgia","Walker",2003,63,25,36,2,0,0,0,129,77,56,0,0,0,58,5
"Georgia","Washington",2003,61,28,33,0,0,0,0,95,69,52,0,0,0,57,4
"Georgia","Wilkinson",2003,118,53,63,2,0,0,0,122,70,52,0,0,0,118,0
"Hawaii","Hawaii",2003,350,339,11,0,0,0,0,83,36,25,0,0,317,33,0
"Hawaii","Honolulu",2003,365,358,5,1,1,0,0,170,34,23,14,17,176,136,22
"Hawaii","Kauai",2003,61,61,0,0,0,0,0,29,22,14,0,0,0,0,61
"Hawaii","Maui",2003,348,335,13,0,0,0,0,78,37,20,0,0,0,66,282
"Idaho","Ada",2003,362,280,76,6,0,0,0,143,67,39,62,0,190,23,87
"Idaho","Bannock",2003,267,261,6,0,0,0,0,80,40,19,0,0,0,45,222
"Idaho","Benewah",2003,120,97,20,2,1,0,0,158,58,32,0,0,0,42,78
"Idaho","Bingham",2003,50,38,12,0,0,0,0,90,63,29,0,0,0,0,50
"Idaho","Boise",2003,58,52,6,0,0,0,0,82,51,25,0,0,0,58,0
"Idaho","Bonner",2003,339,332,7,0,0,0,0,86,34,14,0,0,0,48,291
"Idaho","Bonneville",2003,116,109,7,0,0,0,0,66,46,22,0,0,0,116,0
"Idaho","Boundary",2003,365,351,14,0,0,0,0,97,36,18,23,110,0,77,155
"Idaho","Butte",2003,346,259,85,2,0,0,0,129,67,43,0,0,340,6,0
"Idaho","Canyon",2003,365,275,87,3,0,0,0,111,64,42,92,0,179,44,50
"Idaho","Caribou",2003,51,50,1,0,0,0,0,65,30,18,0,0,0,51,0
"Idaho","Custer",2003,110,109,1,0,0,0,0,51,23,8,0,0,0,110,0
"Idaho","Elmore",2003,365,314,50,1,0,0,0,120,54,38,0,155,210,0,0
"Idaho","Idaho",2003,63,47,16,0,0,0,0,98,58,29,0,0,0,63,0
"Idaho","Kootenai",2003,364,298,64,2,0,0,0,111,58,28,0,0,0,319,45
"Idaho","Latah",2003,25,25,0,0,0,0,0,34,23,17,0,0,0,25,0
"Idaho","Lemhi",2003,61,59,2,0,0,0,0,88,38,23,0,0,0,22,39
"Idaho","Nez Perce",2003,59,50,9,0,0,0,0,65,56,24,0,0,0,59,0
"Idaho","Power",2003,356,270,86,0,0,0,0,88,58,35,0,0,0,325,31
"Idaho","Shoshone",2003,355,316,36,3,0,0,0,108,52,19,0,0,0,116,239
"Idaho","Twin Falls",2003,42,38,4,0,0,0,0,61,46,23,0,0,0,42,0
"Idaho","Valley",2003,41,39,2,0,0,0,0,74,39,26,0,0,0,41,0
"Illinois","Adams",2003,361,293,64,4,0,0,0,122,62,35,0,0,324,37,0
"Illinois","Champaign",2003,365,255,88,21,1,0,0,154,84,42,0,0,305,60,0
"Illinois","Clark",2003,195,155,38,2,0,0,0,129,64,40,0,0,195,0,0
"Illinois","Cook",2003,365,89,233,38,5,0,0,185,101,62,0,137,59,165,4
"Illinois","DuPage",2003,360,290,67,3,0,0,0,143,65,30,0,0,269,91,0
"Illinois","Effingham",2003,214,165,47,2,0,0,0,143,67,42,0,0,214,0,0
"Illinois","Hamilton",2003,209,119,75,15,0,0,0,133,93,48,0,0,209,0,0
"Illinois","Jackson",2003,60,60,0,0,0,0,0,44,33,17,0,0,0,0,60
"Illinois","Jersey",2003,214,136,57,19,2,0,0,174,100,47,0,0,214,0,0
"Illinois","Jo Daviess",2003,354,272,67,15,0,0,0,129,80,36,0,0,354,0,0
"Illinois","Kane",2003,364,302,55,7,0,0,0,126,64,31,0,0,323,41,0
"Illinois","La Salle",2003,365,305,59,1,0,0,0,103,56,24,0,0,0,111,254
"Illinois","Lake",2003,365,308,46,11,0,0,0,147,65,33,0,0,328,37,0
"Illinois","Macon",2003,365,271,88,6,0,0,0,129,74,38,0,0,282,83,0
"Illinois","Macoupin",2003,361,287,60,13,1,0,0,161,71,36,0,0,359,0,2
"Illinois","Madison",2003,365,165,165,29,6,0,0,197,100,53,0,0,202,96,67
"Illinois","McHenry",2003,363,297,60,6,0,0,0,147,64,33,0,0,280,83,0
"Illinois","McLean",2003,362,287,66,9,0,0,0,126,74,36,0,0,330,32,0
"Illinois","Peoria",2003,365,266,89,10,0,0,0,129,77,39,29,0,266,70,0
"Illinois","Randolph",2003,363,281,72,10,0,0,0,136,71,39,0,0,330,33,0
"Illinois","Rock Island",2003,365,303,59,3,0,0,0,147,64,33,0,0,322,43,0
"Illinois","Saint Clair",2003,365,248,104,10,1,2,0,206,77,40,1,124,139,96,5
"Illinois","Sangamon",2003,365,279,78,8,0,0,0,133,71,36,6,0,284,75,0
"Illinois","Will",2003,364,283,67,13,1,0,0,169,71,37,0,3,316,42,3
"Illinois","Winnebago",2003,365,296,62,7,0,0,0,136,64,34,14,0,318,33,0
"Indiana","Allen",2003,365,199,148,13,5,0,0,197,87,48,16,0,106,243,0
"Indiana","Boone",2003,183,92,64,22,5,0,0,190,112,50,0,0,183,0,0
"Indiana","Carroll",2003,183,115,57,10,1,0,0,156,90,46,0,0,183,0,0
"Indiana","Clark",2003,296,172,105,15,4,0,0,177,90,46,0,0,168,84,44
"Indiana","Daviess",2003,26,26,0,0,0,0,0,44,25,16,0,0,0,0,26
"Indiana","Delaware",2003,233,130,90,10,3,0,0,182,87,48,0,0,157,76,0
"Indiana","Dubois",2003,118,50,62,6,0,0,0,144,80,55,0,0,0,116,2
"Indiana","Elkhart",2003,241,128,97,11,5,0,0,169,91,49,0,0,162,79,0
"Indiana","Floyd",2003,263,145,99,15,4,0,0,179,90,48,0,0,169,94,0
"Indiana","Gibson",2003,355,299,48,7,1,0,0,161,67,30,0,176,179,0,0
"Indiana","Greene",2003,183,93,63,23,4,0,0,179,108,49,0,0,183,0,0
"Indiana","Hamilton",2003,183,99,64,15,4,1,0,203,105,50,0,0,183,0,0
"Indiana","Hancock",2003,183,98,69,11,4,1,0,201,97,48,0,0,183,0,0
"Indiana","Hendricks",2003,243,168,58,15,2,0,0,156,93,41,60,0,183,0,0
"Indiana","Henry",2003,117,64,51,2,0,0,0,104,80,48,0,0,0,117,0
"Indiana","Howard",2003,116,60,54,2,0,0,0,138,80,50,0,0,0,116,0
"Indiana","Huntington",2003,183,99,69,12,3,0,0,200,100,49,0,0,183,0,0
"Indiana","Jackson",2003,183,99,66,18,0,0,0,147,100,48,0,0,183,0,0
"Indiana","Johnson",2003,183,95,64,22,2,0,0,164,105,50,0,0,183,0,0
"Indiana","Knox",2003,363,253,95,14,1,0,0,164,84,41,0,0,291,72,0
"Indiana","Kosciusko",2003,172,91,62,15,4,0,0,179,101,50,0,0,172,0,0
"Indiana","LaPorte",2003,240,130,89,18,3,0,0,164,97,49,0,0,154,86,0
"Indiana","Lake",2003,365,118,208,34,5,0,0,190,101,59,2,31,74,244,14
"Indiana","Madison",2003,241,120,100,13,8,0,0,190,90,51,0,0,166,69,6
"Indiana","Marion",2003,365,99,237,24,5,0,0,197,95,58,0,7,74,284,0
"Indiana","Morgan",2003,183,94,65,22,2,0,0,156,108,50,0,0,183,0,0
"Indiana","Perry",2003,60,58,2,0,0,0,0,52,43,23,0,0,0,0,60
"Indiana","Porter",2003,363,251,91,18,3,0,0,161,80,39,0,0,155,80,128
"Indiana","Posey",2003,183,109,63,10,1,0,0,166,93,47,0,0,183,0,0
"Indiana","Putnam",2003,58,56,2,0,0,0,0,60,40,18,0,0,0,0,58
"Indiana","Shelby",2003,183,99,63,17,4,0,0,179,105,49,0,0,183,0,0
"Indiana","Spencer",2003,53,26,26,1,0,0,0,107,77,51,0,0,0,53,0
"Indiana","St. Joseph",2003,365,183,153,24,5,0,0,179,94,50,0,47,129,189,0
"Indiana","Tippecanoe",2003,117,60,55,2,0,0,0,114,81,49,0,0,0,117,0
"Indiana","Vanderburgh",2003,365,191,149,22,3,0,0,159,93,48,2,73,115,175,0
"Indiana","Vigo",2003,242,139,92,9,2,0,0,161,84,48,0,0,158,83,1
"Indiana","Wabash",2003,348,276,62,7,3,0,0,195,71,37,0,0,348,0,0
"Indiana","Warrick",2003,183,95,64,21,3,0,0,190,105,50,0,0,183,0,0
"Indiana","Washington",2003,120,77,42,1,0,0,0,104,74,42,0,0,0,120,0
"Indiana","Whitley",2003,62,57,5,0,0,0,0,59,48,30,0,0,0,0,62
"Iowa","Black Hawk",2003,117,76,41,0,0,0,0,100,66,40,0,0,0,110,7
"Iowa","Bremer",2003,211,143,65,3,0,0,0,101,74,44,0,0,211,0,0
"Iowa","Cerro Gordo",2003,363,264,99,0,0,0,0,93,63,37,0,0,0,77,286
"Iowa","Clinton",2003,363,278,71,14,0,0,0,133,80,37,0,0,190,70,103
"Iowa","Delaware",2003,56,56,0,0,0,0,0,35,27,14,0,0,0,0,56
"Iowa","Emmet",2003,118,86,32,0,0,0,0,82,65,31,0,0,0,111,7
"Iowa","Harrison",2003,214,135,69,10,0,0,0,126,90,45,0,0,214,0,0
"Iowa","Johnson",2003,121,75,45,1,0,0,0,109,69,39,0,0,0,121,0
"Iowa","Lee",2003,115,115,0,0,0,0,0,48,34,21,0,0,0,0,115
"Iowa","Linn",2003,365,214,142,9,0,0,0,134,77,44,4,0,149,212,0
"Iowa","Montgomery",2003,264,206,56,2,0,0,0,119,66,40,0,0,181,83,0
"Iowa","Muscatine",2003,359,288,67,4,0,0,0,122,62,26,0,0,0,102,257
"Iowa","Palo Alto",2003,362,324,38,0,0,0,0,84,51,28,0,0,186,0,176
"Iowa","Polk",2003,365,232,130,3,0,0,0,127,66,41,4,41,48,216,56
"Iowa","Pottawattamie",2003,122,85,37,0,0,0,0,89,66,40,0,0,0,118,4
"Iowa","Scott",2003,365,172,175,18,0,0,0,140,87,52,0,1,129,168,67
"Iowa","Story",2003,214,200,14,0,0,0,0,100,48,34,0,0,214,0,0
"Iowa","Van Buren",2003,361,260,97,4,0,0,0,150,77,38,0,0,183,71,107
"Iowa","Warren",2003,214,205,8,1,0,0,0,108,47,33,0,0,214,0,0
"Iowa","Woodbury",2003,121,77,44,0,0,0,0,91,67,39,0,0,0,105,16
"Iowa","Wright",2003,119,75,44,0,0,0,0,90,68,38,0,0,0,119,0
"Kansas","Brown",2003,114,85,29,0,0,0,0,95,61,34,0,0,0,114,0
"Kansas","Chase",2003,119,95,22,1,1,0,0,153,56,32,0,0,0,119,0
"Kansas","Douglas",2003,261,186,57,16,2,0,0,185,84,39,0,0,261,0,0
"Kansas","Ford",2003,54,51,3,0,0,0,0,77,41,24,0,0,0,0,54
"Kansas","Johnson",2003,285,158,97,27,2,1,0,201,101,46,0,0,210,75,0
"Kansas","Leavenworth",2003,223,144,50,28,1,0,0,172,105,44,0,0,223,0,0
"Kansas","Linn",2003,363,235,113,15,0,0,0,147,84,42,1,11,299,52,0
"Kansas","Montgomery",2003,365,359,6,0,0,0,0,62,36,19,0,0,0,0,365
"Kansas","Neosho",2003,58,57,1,0,0,0,0,51,38,21,0,0,0,0,58
"Kansas","Riley",2003,365,260,91,14,0,0,0,140,84,40,0,0,365,0,0
"Kansas","Sedgwick",2003,365,243,108,13,1,0,0,159,84,43,6,27,233,62,37
"Kansas","Shawnee",2003,122,82,38,1,1,0,0,155,63,43,0,0,0,118,4
"Kansas","Sherman",2003,56,54,2,0,0,0,0,86,43,19,0,0,0,0,56
"Kansas","Sumner",2003,364,243,103,18,0,0,0,133,85,43,0,17,298,49,0
"Kansas","Trego",2003,365,335,29,1,0,0,0,101,47,26,0,0,310,55,0
"Kansas","Wyandotte",2003,364,220,120,22,2,0,0,177,87,45,0,115,165,80,4
"Kentucky","Bell",2003,265,174,82,9,0,0,0,147,77,44,0,0,221,44,0
"Kentucky","Boone",2003,237,181,45,10,1,0,0,159,80,40,0,0,237,0,0
"Kentucky","Boyd",2003,362,219,117,20,5,1,0,201,90,44,1,85,194,79,3
"Kentucky","Bullitt",2003,362,254,101,7,0,0,0,119,72,37,0,113,156,93,0
"Kentucky","Campbell",2003,355,248,90,14,3,0,0,169,80,40,0,83,193,70,9
"Kentucky","Carter",2003,283,185,90,7,1,0,0,169,77,45,0,0,208,75,0
"Kentucky","Christian",2003,283,146,108,28,1,0,0,151,101,49,0,0,216,67,0
"Kentucky","Daviess",2003,365,263,96,6,0,0,0,126,71,38,0,90,174,89,12
"Kentucky","Edmonson",2003,363,257,93,12,1,0,0,161,80,41,0,0,302,61,0
"Kentucky","Fayette",2003,365,238,118,9,0,0,0,150,77,43,4,96,168,97,0
"Kentucky","Franklin",2003,116,66,49,1,0,0,0,103,72,48,0,0,0,116,0
"Kentucky","Graves",2003,245,160,74,10,1,0,0,154,84,44,0,0,245,0,0
"Kentucky","Greenup",2003,244,164,67,12,1,0,0,172,84,44,0,0,244,0,0
"Kentucky","Hancock",2003,242,149,75,18,0,0,0,133,93,46,0,0,242,0,0
"Kentucky","Hardin",2003,282,163,110,9,0,0,0,143,84,46,0,0,208,73,1
"Kentucky","Harlan",2003,61,61,0,0,0,0,0,48,31,21,0,0,0,0,61
"Kentucky","Henderson",2003,322,215,90,17,0,0,0,143,84,44,0,0,203,76,43
"Kentucky","Jefferson",2003,365,113,227,23,2,0,0,177,90,59,1,11,70,283,0
"Kentucky","Jessamine",2003,244,176,64,3,1,0,0,161,74,43,0,0,244,0,0
"Kentucky","Kenton",2003,319,212,92,13,2,0,0,172,84,43,0,79,149,91,0
"Kentucky","Laurel",2003,61,27,33,1,0,0,0,113,77,52,0,0,0,61,0
"Kentucky","Livingston",2003,241,139,82,19,1,0,0,154,97,48,0,0,241,0,0
"Kentucky","Madison",2003,116,68,48,0,0,0,0,91,74,45,0,0,0,112,4
"Kentucky","Marshall",2003,59,59,0,0,0,0,0,40,30,18,0,0,0,0,59
"Kentucky","McCracken",2003,365,256,97,12,0,0,0,150,77,41,0,90,179,77,19
"Kentucky","McLean",2003,242,151,76,14,1,0,0,154,90,45,0,0,242,0,0
"Kentucky","Morgan",2003,340,270,63,6,1,0,0,161,67,39,0,0,340,0,0
"Kentucky","Oldham",2003,245,169,60,15,1,0,0,156,84,43,0,0,245,0,0
"Kentucky","Perry",2003,265,187,73,5,0,0,0,147,67,43,0,0,211,53,1
"Kentucky","Pike",2003,357,288,65,3,1,0,0,154,61,35,0,0,182,95,80
"Kentucky","Pulaski",2003,265,207,53,5,0,0,0,122,71,42,0,0,243,0,22
"Kentucky","Scott",2003,245,214,31,0,0,0,0,100,58,37,0,0,245,0,0
"Kentucky","Simpson",2003,245,160,77,8,0,0,0,147,87,44,0,0,245,0,0
"Kentucky","Trigg",2003,362,252,96,14,0,0,0,150,80,43,0,0,308,54,0
"Kentucky","Warren",2003,362,231,118,13,0,0,0,129,84,44,0,85,194,76,7
"Kentucky","Washington",2003,355,270,77,8,0,0,0,140,71,40,0,0,355,0,0
"Louisiana","Ascension",2003,330,289,27,13,1,0,0,156,61,32,0,0,330,0,0
"Louisiana","Beauregard",2003,361,317,35,9,0,0,0,147,54,33,0,0,361,0,0
"Louisiana","Bossier",2003,365,194,156,14,1,0,0,166,76,48,0,0,139,226,0
"Louisiana","Caddo",2003,362,251,97,13,1,0,0,151,72,41,0,0,288,73,1
"Louisiana","Calcasieu",2003,365,188,159,15,3,0,0,187,80,49,0,3,153,209,0
"Louisiana","Concordia",2003,58,34,24,0,0,0,0,83,66,45,0,0,0,58,0
"Louisiana","East Baton Rouge",2003,365,150,181,19,12,3,0,215,100,54,0,30,140,195,0
"Louisiana","Grant",2003,361,310,45,5,1,0,0,151,61,36,0,0,361,0,0
"Louisiana","Iberville",2003,365,237,94,24,10,0,0,200,97,43,0,11,289,65,0
"Louisiana","Jefferson",2003,365,212,137,12,4,0,0,192,77,46,0,11,164,190,0
"Louisiana","Lafayette",2003,362,252,91,17,2,0,0,156,87,41,0,0,294,68,0
"Louisiana","Lafourche",2003,362,228,107,27,0,0,0,147,90,43,0,0,188,174,0
"Louisiana","Livingston",2003,365,224,123,16,2,0,0,182,77,45,0,0,188,177,0
"Louisiana","Orleans",2003,365,206,153,6,0,0,0,143,70,47,1,35,53,275,1
"Louisiana","Ouachita",2003,362,249,97,15,1,0,0,154,77,42,0,0,302,60,0
"Louisiana","Plaquemines",2003,113,92,21,0,0,0,0,76,59,33,0,0,0,113,0
"Louisiana","Pointe Coupee",2003,341,289,35,15,1,1,0,204,67,36,0,0,341,0,0
"Louisiana","Rapides",2003,69,47,21,1,0,0,0,121,65,41,0,0,0,69,0
"Louisiana","St. Bernard",2003,362,284,64,11,3,0,0,195,74,38,0,0,307,55,0
"Louisiana","St. Charles",2003,364,302,47,13,2,0,0,177,67,32,0,0,353,0,11
"Louisiana","St. James",2003,357,304,39,13,1,0,0,161,71,32,0,0,357,0,0
"Louisiana","St. John the Baptist",2003,362,308,40,12,2,0,0,154,67,33,0,0,362,0,0
"Louisiana","St. Mary",2003,342,288,41,13,0,0,0,133,67,33,0,0,342,0,0
"Louisiana","Tangipahoa",2003,121,78,43,0,0,0,0,85,62,42,0,0,0,121,0
"Louisiana","Terrebonne",2003,120,82,38,0,0,0,0,100,66,40,0,0,0,120,0
"Louisiana","West Baton Rouge",2003,365,187,155,18,3,2,0,207,82,50,0,26,124,214,1
"Louisiana","Winn",2003,120,86,34,0,0,0,0,71,61,38,0,0,0,120,0
"Maine","Androscoggin",2003,56,54,2,0,0,0,0,57,38,18,0,0,0,0,56
"Maine","Aroostook",2003,365,347,18,0,0,0,0,74,45,33,0,0,331,15,19
"Maine","Cumberland",2003,365,324,33,8,0,0,0,147,52,36,0,104,240,14,7
"Maine","Franklin",2003,61,61,0,0,0,0,0,44,23,12,0,0,0,0,61
"Maine","Hancock",2003,365,312,37,12,4,0,0,195,61,39,0,0,361,4,0
"Maine","Kennebec",2003,287,267,18,1,1,0,0,151,47,35,0,0,268,0,19
"Maine","Knox",2003,203,169,23,10,0,1,0,202,74,38,0,0,172,0,31
"Maine","MOBILE MONITORS",2003,137,107,21,8,1,0,0,159,84,37,0,0,137,0,0
"Maine","Oxford",2003,210,201,8,1,0,0,0,101,45,30,0,0,178,0,32
"Maine","Penobscot",2003,354,310,39,4,0,1,0,205,54,37,0,0,320,33,1
"Maine","Sagadahoc",2003,166,143,18,4,1,0,0,156,61,37,0,0,166,0,0
"Maine","Washington",2003,120,114,6,0,0,0,0,97,41,16,0,0,0,120,0
"Maine","York",2003,358,314,33,9,2,0,0,169,58,33,0,175,183,0,0
"Maryland","Anne Arundel",2003,350,222,100,23,3,2,0,218,97,43,0,1,238,84,27
"Maryland","Baltimore",2003,365,158,185,19,2,1,0,204,90,54,0,38,86,241,0
"Maryland","Baltimore (City)",2003,365,109,233,22,1,0,0,155,90,57,1,43,5,315,1
"Maryland","Carroll",2003,213,156,48,7,2,0,0,182,84,42,0,0,213,0,0
"Maryland","Cecil",2003,230,143,69,13,3,2,0,212,97,44,0,0,175,55,0
"Maryland","Charles",2003,203,140,49,9,2,3,0,217,97,44,0,0,203,0,0
"Maryland","Dorchester",2003,347,270,51,19,4,3,0,227,87,36,0,0,347,0,0
"Maryland","Frederick",2003,214,158,46,7,2,1,0,205,80,41,0,0,214,0,0
"Maryland","Harford",2003,323,216,78,24,3,2,0,226,97,41,0,0,271,52,0
"Maryland","Kent",2003,214,149,45,16,2,2,0,204,100,44,0,0,214,0,0
"Maryland","Montgomery",2003,249,170,68,8,2,1,0,210,87,43,0,0,164,85,0
"Maryland","Prince George's",2003,353,245,84,20,2,2,0,221,91,39,0,0,284,69,0
"Maryland","Washington",2003,263,165,87,9,2,0,0,190,84,45,0,0,178,85,0
"Massachusetts","Barnstable",2003,231,165,42,16,7,1,0,205,101,42,0,0,167,64,0
"Massachusetts","Berkshire",2003,201,122,65,12,2,0,0,197,93,45,0,0,135,66,0
"Massachusetts","Bristol",2003,289,196,73,13,6,1,0,213,90,43,0,0,182,107,0
"Massachusetts","Dukes",2003,100,81,19,0,0,0,0,88,63,24,0,0,0,100,0
"Massachusetts","Essex",2003,365,293,53,15,4,0,0,187,71,38,0,54,269,42,0
"Massachusetts","Hampden",2003,365,183,159,20,3,0,0,185,87,50,0,23,134,207,1
"Massachusetts","Hampshire",2003,365,297,62,6,0,0,0,147,67,38,0,20,323,22,0
"Massachusetts","Middlesex",2003,365,338,23,4,0,0,0,143,46,19,185,0,180,0,0
"Massachusetts","Norfolk",2003,197,145,41,6,4,1,0,204,90,40,0,3,176,18,0
"Massachusetts","Plymouth",2003,115,78,35,2,0,0,0,115,67,35,0,0,0,115,0
"Massachusetts","Suffolk",2003,365,107,241,15,2,0,0,192,88,58,0,47,53,265,0
"Massachusetts","Worcester",2003,301,165,118,17,1,0,0,159,87,49,1,11,119,170,0
"Michigan","Allegan",2003,355,196,132,20,6,1,0,201,94,47,0,0,125,230,0
"Michigan","Bay",2003,113,75,38,0,0,0,0,97,68,38,0,0,0,113,0
"Michigan","Benzie",2003,183,128,38,11,6,0,0,182,100,44,0,0,183,0,0
"Michigan","Berrien",2003,241,143,74,18,6,0,0,190,100,46,0,0,170,71,0
"Michigan","Cass",2003,100,53,36,6,5,0,0,190,101,49,0,0,100,0,0
"Michigan","Chippewa",2003,126,104,21,1,0,0,0,121,62,32,0,0,0,126,0
"Michigan","Clinton",2003,183,123,48,8,4,0,0,177,90,45,0,0,183,0,0
"Michigan","Genesee",2003,250,154,76,15,5,0,0,192,94,44,7,0,166,76,1
"Michigan","Huron",2003,177,134,32,6,5,0,0,166,87,41,0,0,177,0,0
"Michigan","Ingham",2003,242,145,83,11,3,0,0,172,87,45,0,0,161,81,0
"Michigan","Kalamazoo",2003,238,139,81,15,3,0,0,164,93,48,0,0,158,80,0
"Michigan","Kent",2003,365,187,158,15,4,1,0,201,89,50,0,49,99,217,0
"Michigan","Keweenaw",2003,113,109,4,0,0,0,0,59,37,13,0,0,0,113,0
"Michigan","Leelanau",2003,151,105,36,10,0,0,0,136,90,44,0,0,151,0,0
"Michigan","Lenawee",2003,180,118,46,11,4,1,0,206,100,46,0,0,180,0,0
"Michigan","Macomb",2003,364,272,75,12,2,3,0,215,80,34,125,0,163,76,0
"Michigan","Mason",2003,183,131,35,13,4,0,0,187,93,43,0,0,183,0,0
"Michigan","Missaukee",2003,352,291,50,10,1,0,0,174,64,31,121,0,170,61,0
"Michigan","Monroe",2003,119,58,57,3,1,0,0,155,83,51,0,0,0,119,0
"Michigan","Muskegon",2003,243,154,70,14,3,2,0,203,97,44,0,0,163,80,0
"Michigan","Oakland",2003,364,284,62,11,6,1,0,201,79,31,124,0,148,92,0
"Michigan","Ottawa",2003,242,157,67,14,4,0,0,192,90,44,0,0,163,79,0
"Michigan","Saginaw",2003,113,75,38,0,0,0,0,95,68,38,0,0,0,113,0
"Michigan","Schoolcraft",2003,358,307,42,7,1,1,0,214,58,37,0,0,320,38,0
"Michigan","St. Clair",2003,235,155,65,9,5,1,0,219,85,39,0,0,146,89,0
"Michigan","Tuscola",2003,333,292,32,6,3,0,0,169,61,33,0,0,333,0,0
"Michigan","Washtenaw",2003,358,253,83,17,4,1,0,201,87,39,0,0,281,77,0
"Michigan","Wayne",2003,365,104,228,26,7,0,0,195,99,61,2,31,49,234,49
"Michigan","Wexford",2003,357,295,46,15,1,0,0,172,67,36,0,0,357,0,0
"Minnesota","Anoka",2003,365,237,120,8,0,0,0,150,77,43,23,42,141,159,0
"Minnesota","Carlton",2003,357,329,28,0,0,0,0,97,48,16,0,106,166,71,14
"Minnesota","Cass",2003,55,51,4,0,0,0,0,71,45,24,0,0,0,55,0
"Minnesota","Dakota",2003,365,243,116,6,0,0,0,147,69,42,0,57,109,199,0
"Minnesota","Goodhue",2003,122,84,33,5,0,0,0,147,87,45,0,0,122,0,0
"Minnesota","Hennepin",2003,365,230,131,4,0,0,0,116,68,43,41,0,0,321,3
"Minnesota","Kandiyohi",2003,118,99,17,2,0,0,0,128,55,28,0,0,0,0,118
"Minnesota","Lake",2003,219,202,17,0,0,0,0,84,50,35,0,0,172,47,0
"Minnesota","Mille Lacs",2003,238,195,39,2,2,0,0,156,64,39,0,0,168,70,0
"Minnesota","Olmsted",2003,310,166,134,10,0,0,0,136,80,48,0,0,104,206,0
"Minnesota","Ramsey",2003,365,195,162,7,1,0,0,151,74,48,3,0,0,313,49
"Minnesota","Rock",2003,118,90,28,0,0,0,0,82,58,28,0,0,0,118,0
"Minnesota","Saint Louis",2003,365,260,103,2,0,0,0,142,67,40,0,0,244,113,8
"Minnesota","Scott",2003,238,184,52,2,0,0,0,126,64,40,0,0,162,76,0
"Minnesota","Stearns",2003,365,254,109,2,0,0,0,113,70,38,79,0,80,206,0
"Minnesota","Washington",2003,209,150,53,6,0,0,0,133,84,43,0,0,177,0,32
"Minnesota","Winona",2003,113,87,26,0,0,0,0,91,66,29,0,0,0,113,0
"Minnesota","Wright",2003,255,149,98,8,0,0,0,112,78,46,0,0,121,134,0
"Mississippi","Adams",2003,272,178,73,18,3,0,0,161,90,44,0,0,207,65,0
"Mississippi","Bolivar",2003,312,165,138,9,0,0,0,133,78,49,0,0,128,184,0
"Mississippi","DeSoto",2003,270,159,94,16,1,0,0,151,90,47,0,0,199,71,0
"Mississippi","Forrest",2003,118,46,70,2,0,0,0,108,77,54,0,0,0,118,0
"Mississippi","Grenada",2003,56,24,32,0,0,0,0,81,71,52,0,0,0,56,0
"Mississippi","Hancock",2003,364,272,75,12,5,0,0,174,77,35,0,86,205,73,0
"Mississippi","Harrison",2003,364,189,152,20,3,0,0,182,87,49,0,0,120,244,0
"Mississippi","Hinds",2003,365,154,208,3,0,0,0,112,74,53,0,0,61,304,0
"Mississippi","Jackson",2003,277,177,82,15,3,0,0,177,87,44,0,0,208,65,4
"Mississippi","Jones",2003,117,45,72,0,0,0,0,93,75,54,0,0,0,117,0
"Mississippi","Lauderdale",2003,267,192,71,4,0,0,0,115,71,43,0,0,187,80,0
"Mississippi","Lee",2003,322,210,104,8,0,0,0,129,77,44,0,0,204,118,0
"Mississippi","Lowndes",2003,103,51,52,0,0,0,0,95,71,51,0,0,0,103,0
"Mississippi","Madison",2003,240,178,54,8,0,0,0,133,74,42,0,0,240,0,0
"Mississippi","Pearl River",2003,113,62,51,0,0,0,0,85,65,48,0,0,0,113,0
"Mississippi","Rankin",2003,100,44,56,0,0,0,0,90,73,53,0,0,0,100,0
"Mississippi","Scott",2003,97,56,41,0,0,0,0,92,70,43,0,0,0,97,0
"Mississippi","Warren",2003,268,186,78,4,0,0,0,126,71,43,0,0,189,79,0
"Mississippi","Yalobusha",2003,363,294,60,9,0,0,0,140,67,37,0,0,363,0,0
"Missouri","Boone",2003,115,66,48,1,0,0,0,113,71,45,0,0,0,115,0
"Missouri","Buchanan",2003,121,65,55,1,0,0,0,104,67,46,0,0,0,98,23
"Missouri","Cass",2003,321,197,103,20,1,0,0,179,93,44,0,0,259,62,0
"Missouri","Cedar",2003,262,146,103,13,0,0,0,140,80,48,0,1,187,74,0
"Missouri","Clay",2003,365,224,100,30,11,0,0,190,105,44,0,112,186,67,0
"Missouri","Cooper",2003,51,27,24,0,0,0,0,88,73,50,0,0,0,51,0
"Missouri","Greene",2003,365,253,106,6,0,0,0,150,71,40,10,116,172,67,0
"Missouri","Jackson",2003,347,186,158,2,1,0,0,159,69,48,6,83,0,257,1
"Missouri","Jasper",2003,338,234,101,3,0,0,0,115,65,32,0,0,0,106,232
"Missouri","Jefferson",2003,358,155,180,20,2,1,0,202,90,55,0,0,101,257,0
"Missouri","Maries",2003,115,69,46,0,0,0,0,97,62,43,0,0,0,115,0
"Missouri","Mercer",2003,113,75,38,0,0,0,0,100,64,37,0,0,0,113,0
"Missouri","Monroe",2003,259,158,89,11,1,0,0,182,90,46,0,0,188,70,1
"Missouri","Platte",2003,343,286,48,8,1,0,0,166,77,33,0,144,199,0,0
"Missouri","Saint Charles",2003,364,230,101,24,9,0,0,179,100,43,0,106,193,65,0
"Missouri","Saint Louis",2003,365,159,171,29,3,3,0,202,100,54,0,57,121,187,0
"Missouri","Sainte Genevieve",2003,356,240,96,17,3,0,0,182,87,42,0,8,284,64,0
"Missouri","St. Louis City",2003,365,101,234,26,2,2,0,212,98,61,0,33,63,191,78
"Missouri","Stoddard",2003,118,60,57,1,0,0,0,106,72,50,0,0,0,118,0
"Missouri","Taney",2003,121,87,34,0,0,0,0,95,58,34,0,0,0,121,0
"Montana","Big Horn",2003,54,54,0,0,0,0,0,42,18,7,0,0,0,0,54
"Montana","Cascade",2003,353,338,12,2,1,0,0,154,30,11,268,0,0,85,0
"Montana","Fergus",2003,106,106,0,0,0,0,0,44,25,10,0,0,0,106,0
"Montana","Flathead",2003,365,291,64,6,4,0,0,165,62,38,35,0,201,66,63
"Montana","Gallatin",2003,358,341,17,0,0,0,0,94,32,8,202,0,0,96,60
"Montana","Glacier",2003,42,38,3,1,0,0,0,121,38,16,0,0,0,0,42
"Montana","Lake",2003,358,315,37,3,3,0,0,178,53,21,0,0,0,113,245
"Montana","Lewis and Clark",2003,346,313,29,2,2,0,0,159,50,18,0,0,0,74,272
"Montana","Lincoln",2003,354,288,58,8,0,0,0,129,72,23,0,0,0,95,259
"Montana","Madison",2003,46,45,1,0,0,0,0,54,25,9,0,0,0,0,46
"Montana","Missoula",2003,364,312,42,6,3,1,0,264,62,24,53,85,0,110,116
"Montana","Musselshell",2003,296,296,0,0,0,0,0,23,5,3,0,296,0,0,0
"Montana","Powell",2003,107,104,3,0,0,0,0,66,22,8,0,0,0,107,0
"Montana","Ravalli",2003,340,310,25,3,2,0,0,160,46,17,0,0,0,80,260
"Montana","Roosevelt",2003,119,118,1,0,0,0,0,51,26,14,0,0,0,119,0
"Montana","Rosebud",2003,363,326,35,2,0,0,0,120,51,20,0,71,0,86,206
"Montana","Sanders",2003,123,108,14,1,0,0,0,104,51,21,0,0,0,113,10
"Montana","Sheridan",2003,107,107,0,0,0,0,0,35,25,15,0,0,0,107,0
"Montana","Silver Bow",2003,365,340,22,3,0,0,0,123,40,20,164,0,0,62,139
"Montana","Sweet Grass",2003,86,86,0,0,0,0,0,32,15,6,0,0,0,0,86
"Montana","Yellowstone",2003,365,345,20,0,0,0,0,100,43,16,279,0,0,80,6
"Nebraska","Cass",2003,352,298,53,1,0,0,0,146,54,25,0,0,0,71,281
"Nebraska","Dawson",2003,58,48,10,0,0,0,0,91,58,33,0,0,0,0,58
"Nebraska","Douglas",2003,365,215,144,5,1,0,0,177,71,46,7,0,99,200,59
"Nebraska","Garden",2003,119,116,3,0,0,0,0,54,36,15,0,0,0,119,0
"Nebraska","Hall",2003,111,84,27,0,0,0,0,91,58,33,0,0,0,111,0
"Nebraska","Lancaster",2003,365,328,36,1,0,0,0,117,51,32,112,0,180,73,0
"Nebraska","Lincoln",2003,82,69,13,0,0,0,0,98,55,26,0,0,0,82,0
"Nebraska","Sarpy",2003,89,63,26,0,0,0,0,88,65,34,0,0,0,89,0
"Nebraska","Scotts Bluff",2003,107,99,8,0,0,0,0,74,48,23,0,0,0,107,0
"Nebraska","Thomas",2003,115,107,8,0,0,0,0,67,42,17,0,0,0,115,0
"Nebraska","Thurston",2003,44,35,9,0,0,0,0,72,55,25,0,0,0,44,0
"Nebraska","Washington",2003,86,63,23,0,0,0,0,84,59,33,0,0,0,86,0
"Nevada","Carson City",2003,365,311,54,0,0,0,0,87,58,37,154,0,211,0,0
"Nevada","Clark",2003,365,57,240,57,11,0,0,200,122,68,1,25,202,106,31
"Nevada","Douglas",2003,365,268,97,0,0,0,0,87,66,44,43,0,322,0,0
"Nevada","Elko",2003,353,350,2,1,0,0,0,104,32,16,0,0,0,24,329
"Nevada","Mineral",2003,71,70,1,0,0,0,0,55,35,21,0,0,0,71,0
"Nevada","Nye",2003,116,108,5,2,0,1,0,208,46,22,0,0,0,0,116
"Nevada","Washoe",2003,365,252,104,8,1,0,0,161,80,45,19,0,314,22,10
"Nevada","White Pine",2003,359,257,97,5,0,0,0,129,77,44,0,0,357,2,0
"New Hampshire","Belknap",2003,209,164,39,6,0,0,0,147,67,39,0,0,176,33,0
"New Hampshire","Cheshire",2003,213,169,40,4,0,0,0,136,71,39,0,0,172,41,0
"New Hampshire","Coos",2003,245,168,63,14,0,0,0,129,80,45,0,0,175,70,0
"New Hampshire","Grafton",2003,345,309,31,5,0,0,0,140,51,35,0,0,323,22,0
"New Hampshire","Hillsborough",2003,365,272,78,15,0,0,0,150,77,39,29,99,168,66,3
"New Hampshire","Merrimack",2003,242,194,45,3,0,0,0,119,64,35,0,0,156,86,0
"New Hampshire","Rockingham",2003,363,296,57,10,0,0,0,136,67,35,0,135,162,66,0
"New Hampshire","Strafford",2003,183,155,24,4,0,0,0,129,61,38,0,0,183,0,0
"New Hampshire","Sullivan",2003,208,165,38,5,0,0,0,147,67,41,0,0,172,36,0
"New Jersey","Atlantic",2003,365,278,66,18,1,2,0,205,75,38,0,0,311,54,0
"New Jersey","Bergen",2003,365,263,82,17,3,0,0,182,74,42,1,157,147,54,6
"New Jersey","Burlington",2003,361,361,0,0,0,0,0,30,16,9,361,0,0,0,0
"New Jersey","Camden",2003,365,222,108,27,6,2,0,226,100,45,1,52,238,73,1
"New Jersey","Cumberland",2003,358,279,54,22,2,1,0,216,84,36,0,0,358,0,0
"New Jersey","Essex",2003,354,223,128,3,0,0,0,127,70,45,0,285,8,60,1
"New Jersey","Gloucester",2003,365,252,84,25,2,2,0,219,90,40,0,0,303,62,0
"New Jersey","Hudson",2003,364,240,109,13,2,0,0,192,76,43,6,202,85,69,2
"New Jersey","Hunterdon",2003,359,286,54,13,4,2,0,210,84,33,0,0,359,0,0
"New Jersey","Mercer",2003,365,264,77,17,5,2,0,204,87,41,0,95,216,54,0
"New Jersey","Middlesex",2003,365,254,84,22,3,2,0,213,90,41,5,121,181,58,0
"New Jersey","Monmouth",2003,365,292,48,16,6,3,0,226,90,31,139,0,226,0,0
"New Jersey","Morris",2003,365,261,84,16,2,2,0,204,83,39,4,59,253,49,0
"New Jersey","Ocean",2003,265,165,67,24,7,2,0,212,108,44,0,0,206,59,0
"New Jersey","Passaic",2003,253,170,69,13,1,0,0,156,84,42,0,0,169,84,0
"New Jersey","Union",2003,365,142,211,10,2,0,0,153,85,56,2,116,0,247,0
"New Jersey","Warren",2003,110,62,46,1,1,0,0,155,80,44,0,0,0,110,0
"New Mexico","Bernalillo",2003,365,107,202,52,4,0,0,168,108,63,0,14,210,36,105
"New Mexico","Catron",2003,91,90,1,0,0,0,0,53,26,10,0,0,0,91,0
"New Mexico","Chaves",2003,123,102,20,1,0,0,0,140,56,32,0,0,0,113,10
"New Mexico","Dona Ana",2003,365,100,207,49,4,2,3,1005,112,64,0,11,180,84,90
"New Mexico","Eddy",2003,365,303,61,0,1,0,0,152,61,36,0,113,231,21,0
"New Mexico","Grant",2003,116,110,6,0,0,0,0,73,40,23,0,0,0,86,30
"New Mexico","Lea",2003,118,105,12,0,0,1,0,245,51,26,0,0,0,98,20
"New Mexico","Lincoln",2003,116,113,3,0,0,0,0,62,29,15,0,0,0,116,0
"New Mexico","Los Alamos",2003,112,112,0,0,0,0,0,41,21,13,0,0,0,112,0
"New Mexico","Luna",2003,58,55,1,2,0,0,0,113,33,16,0,0,0,0,58
"New Mexico","Rio Arriba",2003,98,98,0,0,0,0,0,42,23,11,0,0,0,98,0
"New Mexico","San Juan",2003,365,212,137,16,0,0,0,126,90,48,0,32,320,13,0
"New Mexico","Sandoval",2003,365,200,143,21,1,0,0,153,93,49,1,23,316,22,3
"New Mexico","Santa Fe",2003,364,361,3,0,0,0,0,67,26,12,184,0,0,176,4
"New Mexico","Socorro",2003,102,102,0,0,0,0,0,35,26,15,0,0,0,102,0
"New Mexico","Taos",2003,363,354,9,0,0,0,0,75,29,17,0,0,0,354,9
"New Mexico","Valencia",2003,167,113,54,0,0,0,0,97,67,47,0,0,167,0,0
"New York","Albany",2003,364,302,54,6,2,0,0,182,63,34,7,0,295,62,0
"New York","Bronx",2003,365,154,196,13,2,0,0,187,85,55,1,105,38,221,0
"New York","Broome",2003,28,19,9,0,0,0,0,65,63,40,0,0,0,28,0
"New York","Chautauqua",2003,365,273,70,15,5,2,0,214,84,38,0,0,337,28,0
"New York","Chemung",2003,359,319,34,5,1,0,0,164,54,32,0,0,359,0,0
"New York","Columbia",2003,43,43,0,0,0,0,0,49,21,11,0,0,0,0,43
"New York","Dutchess",2003,343,287,49,7,0,0,0,143,64,35,0,0,328,15,0
"New York","Erie",2003,365,243,105,10,6,1,0,201,75,42,0,117,180,68,0
"New York","Essex",2003,365,275,72,11,7,0,0,185,74,43,0,0,348,17,0
"New York","Franklin",2003,356,355,1,0,0,0,0,51,23,9,0,0,0,0,356
"New York","Hamilton",2003,348,310,32,4,2,0,0,161,54,37,0,0,348,0,0
"New York","Herkimer",2003,344,315,24,3,2,0,0,161,50,35,0,0,343,0,1
"New York","Jefferson",2003,221,171,33,8,7,2,0,202,87,41,0,0,221,0,0
"New York","Kings",2003,361,305,52,4,0,0,0,140,61,19,244,0,0,113,4
"New York","Madison",2003,347,291,49,5,2,0,0,197,58,37,0,0,347,0,0
"New York","Monroe",2003,365,297,57,8,3,0,0,172,65,34,20,0,269,76,0
"New York","Nassau",2003,322,266,52,4,0,0,0,134,60,37,0,239,0,82,1
"New York","New York",2003,365,205,147,9,4,0,0,167,80,45,46,157,0,110,52
"New York","Niagara",2003,364,288,62,8,4,2,0,205,68,34,103,0,183,77,1
"New York","Oneida",2003,236,199,29,6,2,0,0,185,71,38,0,0,205,31,0
"New York","Onondaga",2003,365,323,36,4,2,0,0,182,54,32,36,0,291,38,0
"New York","Orange",2003,252,175,63,10,4,0,0,164,84,43,0,0,176,76,0
"New York","Oswego",2003,209,155,43,6,3,2,0,204,84,44,0,0,209,0,0
"New York","Putnam",2003,212,161,39,10,2,0,0,182,77,41,0,0,212,0,0
"New York","Queens",2003,364,173,175,11,5,0,0,197,84,52,0,150,48,166,0
"New York","Rensselaer",2003,346,286,51,7,2,0,0,172,64,38,0,0,346,0,0
"New York","Richmond",2003,254,176,59,15,2,2,0,209,87,42,0,0,174,78,2
"New York","Saratoga",2003,234,168,52,10,4,0,0,187,77,41,0,0,234,0,0
"New York","Schenectady",2003,365,322,37,4,2,0,0,182,54,31,27,0,319,19,0
"New York","St. Lawrence",2003,96,79,16,1,0,0,0,131,57,24,0,0,0,96,0
"New York","Steuben",2003,330,240,88,2,0,0,0,128,62,33,0,0,0,330,0
"New York","Suffolk",2003,365,271,68,20,3,3,0,213,87,40,0,57,268,40,0
"New York","Tompkins",2003,322,262,53,4,3,0,0,177,67,36,0,0,269,53,0
"New York","Ulster",2003,362,303,45,11,3,0,0,172,67,39,0,0,360,0,2
"New York","Wayne",2003,206,175,23,6,2,0,0,190,61,37,0,0,206,0,0
"New York","Westchester",2003,360,291,53,12,4,0,0,179,67,34,0,0,302,58,0
"North Carolina","Alamance",2003,114,55,57,2,0,0,0,118,75,52,0,0,0,114,0
"North Carolina","Alexander",2003,213,134,62,16,1,0,0,151,93,46,0,0,213,0,0
"North Carolina","Avery",2003,365,252,101,12,0,0,0,150,77,44,0,0,340,25,0
"North Carolina","Buncombe",2003,303,178,119,6,0,0,0,137,72,46,0,0,90,213,0
"North Carolina","Cabarrus",2003,121,52,68,1,0,0,0,116,76,53,0,0,0,121,0
"North Carolina","Caldwell",2003,213,136,64,10,3,0,0,154,87,46,0,0,213,0,0
"North Carolina","Camden",2003,180,129,43,6,2,0,0,164,84,44,0,0,180,0,0
"North Carolina","Carteret",2003,357,312,38,7,0,0,0,133,58,38,0,0,357,0,0
"North Carolina","Caswell",2003,265,153,92,17,3,0,0,197,93,47,0,0,171,94,0
"North Carolina","Catawba",2003,119,44,72,3,0,0,0,114,77,58,0,0,0,118,1
"North Carolina","Chatham",2003,257,179,71,6,1,0,0,161,74,42,0,0,163,94,0
"North Carolina","Cumberland",2003,363,241,106,12,4,0,0,164,84,40,106,0,173,83,1
"North Carolina","Davidson",2003,118,47,68,3,0,0,0,126,78,55,0,0,0,118,0
"North Carolina","Davie",2003,214,114,76,20,3,1,0,201,101,49,0,0,214,0,0
"North Carolina","Duplin",2003,259,183,71,5,0,0,0,122,67,40,0,0,165,94,0
"North Carolina","Durham",2003,345,167,162,15,1,0,0,182,83,51,0,0,96,244,5
"North Carolina","Edgecombe",2003,236,137,82,13,4,0,0,179,93,46,0,0,179,57,0
"North Carolina","Forsyth",2003,365,146,197,16,6,0,0,195,87,54,1,38,90,236,0
"North Carolina","Franklin",2003,208,130,59,15,4,0,0,172,100,45,0,0,208,0,0
"North Carolina","Gaston",2003,120,50,69,1,0,0,0,115,74,54,0,0,0,120,0
"North Carolina","Graham",2003,209,108,87,12,2,0,0,151,97,50,0,0,209,0,0
"North Carolina","Granville",2003,205,116,65,20,4,0,0,200,112,48,0,0,205,0,0
"North Carolina","Guilford",2003,364,168,181,13,1,1,0,206,83,52,3,0,91,270,0
"North Carolina","Haywood",2003,264,107,130,27,0,0,0,147,101,57,0,0,198,66,0
"North Carolina","Henderson",2003,57,57,0,0,0,0,0,48,29,17,0,0,0,0,57
"North Carolina","Hyde",2003,73,67,6,0,0,0,0,84,50,26,0,0,0,73,0
"North Carolina","Jackson",2003,259,117,118,23,1,0,0,166,100,52,0,0,193,66,0
"North Carolina","Johnston",2003,207,147,51,7,2,0,0,164,87,44,0,0,207,0,0
"North Carolina","Lenoir",2003,256,168,79,6,3,0,0,166,77,43,0,0,168,88,0
"North Carolina","Lincoln",2003,211,115,74,17,5,0,0,174,105,48,0,0,211,0,0
"North Carolina","Macon",2003,356,324,30,2,0,0,0,112,49,34,0,0,356,0,0
"North Carolina","Martin",2003,223,164,51,6,2,0,0,177,74,42,0,0,197,26,0
"North Carolina","McDowell",2003,105,49,54,2,0,0,0,111,70,51,0,0,0,105,0
"North Carolina","Mecklenburg",2003,365,128,211,22,3,1,0,209,93,56,0,28,101,235,1
"North Carolina","Mitchell",2003,115,55,59,1,0,0,0,104,68,52,0,0,0,115,0
"North Carolina","Montgomery",2003,349,254,85,9,1,0,0,151,71,38,0,0,275,74,0
"North Carolina","Nash",2003,26,18,8,0,0,0,0,73,70,28,0,0,0,26,0
"North Carolina","New Hanover",2003,355,295,52,8,0,0,0,129,61,34,106,0,175,74,0
"North Carolina","Northampton",2003,203,133,58,11,1,0,0,154,87,44,0,0,203,0,0
"North Carolina","Onslow",2003,119,84,35,0,0,0,0,99,63,43,0,0,0,118,1
"North Carolina","Orange",2003,114,60,53,1,0,0,0,111,71,48,0,0,0,114,0
"North Carolina","Pasquotank",2003,58,42,15,1,0,0,0,123,60,39,0,0,0,58,0
"North Carolina","Person",2003,212,130,59,20,3,0,0,177,101,47,0,0,212,0,0
"North Carolina","Pitt",2003,253,166,79,5,3,0,0,174,77,43,0,0,160,93,0
"North Carolina","Randolph",2003,211,147,52,10,2,0,0,190,87,43,0,0,211,0,0
"North Carolina","Robeson",2003,115,60,55,0,0,0,0,95,70,48,0,0,0,115,0
"North Carolina","Rockingham",2003,213,140,55,16,2,0,0,154,97,45,0,0,213,0,0
"North Carolina","Rowan",2003,214,105,75,27,5,2,0,212,115,51,0,0,214,0,0
"North Carolina","Swain",2003,258,171,82,5,0,0,0,126,74,44,0,0,166,92,0
"North Carolina","Union",2003,207,140,56,10,0,1,0,201,93,45,0,0,207,0,0
"North Carolina","Wake",2003,363,151,182,24,5,1,0,210,90,53,7,0,123,233,0
"North Carolina","Watauga",2003,114,70,43,1,0,0,0,117,66,43,0,0,0,114,0
"North Carolina","Wayne",2003,117,60,56,1,0,0,0,109,68,49,0,0,0,113,4
"North Carolina","Yancey",2003,206,99,90,16,1,0,0,154,97,51,0,0,206,0,0
"North Dakota","Billings",2003,143,141,2,0,0,0,0,74,36,25,0,0,42,101,0
"North Dakota","Burke",2003,342,338,4,0,0,0,0,92,32,12,0,182,60,95,5
"North Dakota","Burleigh",2003,124,113,11,0,0,0,0,70,49,30,0,0,0,120,4
"North Dakota","Cass",2003,365,307,57,1,0,0,0,131,56,36,0,26,287,48,4
"North Dakota","Dunn",2003,364,338,26,0,0,0,0,97,49,35,0,1,363,0,0
"North Dakota","McKenzie",2003,365,321,40,4,0,0,0,133,58,36,0,16,339,10,0
"North Dakota","McLean",2003,61,61,0,0,0,0,0,31,12,6,0,0,0,0,61
"North Dakota","Mercer",2003,365,339,26,0,0,0,0,93,49,34,0,7,347,11,0
"North Dakota","Oliver",2003,365,350,15,0,0,0,0,90,46,32,0,19,346,0,0
"Ohio","Allen",2003,225,153,57,11,4,0,0,195,90,44,0,0,211,0,14
"Ohio","Ashtabula",2003,214,145,50,14,3,2,0,204,97,44,0,0,214,0,0
"Ohio","Athens",2003,109,65,43,1,0,0,0,110,73,42,0,0,0,107,2
"Ohio","Belmont",2003,60,59,1,0,0,0,0,54,31,20,0,0,0,0,60
"Ohio","Butler",2003,364,132,199,28,3,2,0,217,93,55,0,0,126,238,0
"Ohio","Clark",2003,264,155,91,15,1,2,0,216,93,48,0,0,181,83,0
"Ohio","Clermont",2003,211,123,71,12,5,0,0,200,97,47,0,0,211,0,0
"Ohio","Clinton",2003,213,122,65,20,6,0,0,195,108,48,0,0,213,0,0
"Ohio","Columbiana",2003,61,52,9,0,0,0,0,71,54,30,0,0,0,0,61
"Ohio","Crawford",2003,359,281,66,8,4,0,0,195,71,36,0,0,359,0,0
"Ohio","Cuyahoga",2003,365,100,234,25,4,2,0,207,97,61,0,24,50,263,28
"Ohio","Delaware",2003,213,139,56,13,4,1,0,201,97,45,0,0,213,0,0
"Ohio","Fayette",2003,348,272,65,9,2,0,0,177,77,36,0,0,348,0,0
"Ohio","Franklin",2003,365,108,223,27,5,2,0,225,97,59,0,0,103,259,3
"Ohio","Gallia",2003,55,24,29,2,0,0,0,106,83,54,0,0,0,55,0
"Ohio","Geauga",2003,204,119,65,13,5,2,0,216,100,48,0,0,204,0,0
"Ohio","Greene",2003,248,173,59,12,4,0,0,187,84,44,0,0,210,18,20
"Ohio","Hamilton",2003,365,90,244,25,6,0,0,197,96,60,0,30,68,267,0
"Ohio","Hancock",2003,40,40,0,0,0,0,0,36,31,23,0,0,0,0,40
"Ohio","Jefferson",2003,365,132,209,20,3,1,0,202,93,56,36,0,49,279,1
"Ohio","Knox",2003,214,151,48,12,2,1,0,207,87,44,0,0,214,0,0
"Ohio","Lake",2003,365,255,84,22,2,2,0,207,87,38,109,0,184,72,0
"Ohio","Lawrence",2003,268,155,103,8,2,0,0,164,84,46,0,0,164,99,5
"Ohio","Licking",2003,236,159,61,12,4,0,0,192,84,43,0,0,211,0,25
"Ohio","Lorain",2003,263,167,86,7,3,0,0,172,77,42,0,0,163,100,0
"Ohio","Lucas",2003,365,142,192,25,6,0,0,197,98,55,0,0,120,244,1
"Ohio","Madison",2003,212,128,65,15,3,1,0,202,97,47,0,0,212,0,0
"Ohio","Mahoning",2003,365,138,212,12,1,2,0,212,85,56,0,0,68,297,0
"Ohio","Medina",2003,212,140,59,9,4,0,0,195,90,45,0,0,212,0,0
"Ohio","Miami",2003,214,120,75,14,3,2,0,210,97,48,0,0,214,0,0
"Ohio","Monroe",2003,61,60,1,0,0,0,0,54,35,20,0,0,0,0,61
"Ohio","Montgomery",2003,365,123,214,23,3,2,0,217,95,57,6,0,89,270,0
"Ohio","Noble",2003,358,259,89,7,2,1,0,213,71,39,0,0,295,63,0
"Ohio","Portage",2003,259,141,97,17,2,2,0,219,97,47,0,0,180,79,0
"Ohio","Preble",2003,245,168,72,3,2,0,0,156,74,44,0,0,177,68,0
"Ohio","Scioto",2003,122,59,62,1,0,0,0,102,76,53,0,0,0,117,5
"Ohio","Seneca",2003,166,164,2,0,0,0,0,53,30,15,0,0,0,0,166
"Ohio","Stark",2003,365,233,111,16,3,2,0,212,84,44,62,0,167,91,45
"Ohio","Summit",2003,365,135,208,18,3,1,0,204,87,55,0,0,67,293,5
"Ohio","Trumbull",2003,362,153,187,17,3,2,0,210,87,54,0,0,116,245,1
"Ohio","Warren",2003,212,131,55,16,9,1,0,213,112,46,0,0,212,0,0
"Ohio","Washington",2003,247,173,63,8,1,2,0,222,84,43,0,0,211,0,36
"Ohio","Wood",2003,214,158,42,9,5,0,0,177,80,44,0,0,214,0,0
"Ohio","Wyandot",2003,154,154,0,0,0,0,0,48,40,25,0,0,0,0,154
"Oklahoma","Adair",2003,363,263,89,10,1,0,0,161,80,42,0,0,359,4,0
"Oklahoma","Caddo",2003,54,38,16,0,0,0,0,79,64,35,0,0,0,54,0
"Oklahoma","Canadian",2003,365,269,83,13,0,0,0,136,80,39,0,0,346,19,0
"Oklahoma","Carter",2003,277,152,103,22,0,0,0,150,93,49,0,0,217,60,0
"Oklahoma","Cherokee",2003,365,267,89,8,1,0,0,151,74,41,37,30,225,39,34
"Oklahoma","Cleveland",2003,361,286,65,9,1,0,0,151,74,38,4,43,314,0,0
"Oklahoma","Comanche",2003,365,272,83,9,1,0,0,151,74,42,8,0,312,45,0
"Oklahoma","Cotton",2003,243,154,76,12,1,0,0,154,87,46,0,0,243,0,0
"Oklahoma","Creek",2003,264,182,69,11,2,0,0,161,84,44,0,0,264,0,0
"Oklahoma","Custer",2003,58,58,0,0,0,0,0,43,33,19,0,0,0,0,58
"Oklahoma","Dewey",2003,365,264,87,14,0,0,0,129,84,42,0,0,365,0,0
"Oklahoma","Ellis",2003,120,100,19,1,0,0,0,108,53,29,0,0,0,120,0
"Oklahoma","Garfield",2003,124,92,32,0,0,0,0,93,58,40,0,0,0,124,0
"Oklahoma","Johnston",2003,225,162,60,2,1,0,0,154,80,43,0,0,225,0,0
"Oklahoma","Kay",2003,365,219,128,18,0,0,0,140,90,45,1,32,194,54,84
"Oklahoma","Lincoln",2003,57,36,21,0,0,0,0,93,63,42,0,0,0,57,0
"Oklahoma","Mayes",2003,123,73,49,1,0,0,0,106,67,47,0,0,0,123,0
"Oklahoma","McClain",2003,365,283,70,11,1,0,0,151,77,39,0,0,365,0,0
"Oklahoma","Muskogee",2003,365,301,64,0,0,0,0,95,56,25,0,39,0,111,215
"Oklahoma","Oklahoma",2003,365,166,170,28,1,0,0,169,97,52,0,40,197,126,2
"Oklahoma","Ottawa",2003,364,242,102,20,0,0,0,140,80,42,1,37,213,37,76
"Oklahoma","Pawnee",2003,41,28,13,0,0,0,0,63,60,43,0,0,0,41,0
"Oklahoma","Payne",2003,2,2,0,0,0,0,0,33,33,33,0,0,0,2,0
"Oklahoma","Pittsburg",2003,363,265,90,8,0,0,0,129,67,42,0,0,299,64,0
"Oklahoma","Seminole",2003,58,34,24,0,0,0,0,95,64,43,0,0,0,58,0
"Oklahoma","Tulsa",2003,365,153,183,22,7,0,0,172,97,55,0,3,202,159,1
"Oregon","Clackamas",2003,223,197,19,7,0,0,0,147,54,32,0,0,150,73,0
"Oregon","Columbia",2003,172,155,16,1,0,0,0,108,50,30,0,0,131,41,0
"Oregon","Deschutes",2003,225,209,16,0,0,0,0,86,40,18,136,0,0,88,1
"Oregon","Harney",2003,60,51,9,0,0,0,0,85,54,23,0,0,0,45,15
"Oregon","Jackson",2003,365,275,83,7,0,0,0,129,72,36,143,0,147,72,3
"Oregon","Josephine",2003,243,220,22,1,0,0,0,127,44,24,142,0,0,97,4
"Oregon","Klamath",2003,238,206,30,2,0,0,0,146,60,20,119,0,0,109,10
"Oregon","Lake",2003,93,92,1,0,0,0,0,86,36,20,0,0,0,46,47
"Oregon","Lane",2003,365,217,117,26,5,0,0,158,93,45,8,0,130,226,1
"Oregon","Linn",2003,111,90,21,0,0,0,0,91,64,26,0,0,0,111,0
"Oregon","Marion",2003,327,297,24,6,0,0,0,133,50,29,160,0,145,22,0
"Oregon","Multnomah",2003,365,325,40,0,0,0,0,93,51,26,159,53,58,95,0
"Oregon","Umatilla",2003,84,75,8,1,0,0,0,109,56,21,0,0,0,54,30
"Oregon","Union",2003,129,115,14,0,0,0,0,77,52,21,0,0,0,106,23
"Oregon","Wallowa",2003,100,100,0,0,0,0,0,48,25,11,0,0,0,100,0
"Oregon","Wasco",2003,52,45,7,0,0,0,0,72,52,23,0,0,0,52,0
"Oregon","Washington",2003,116,90,25,1,0,0,0,107,62,25,0,0,0,116,0
"Pennsylvania","Adams",2003,365,169,177,17,2,0,0,195,90,52,0,0,158,207,0
"Pennsylvania","Allegheny",2003,365,99,210,38,16,2,0,218,119,62,0,14,65,277,9
"Pennsylvania","Armstrong",2003,212,142,54,12,3,1,0,208,97,44,0,0,212,0,0
"Pennsylvania","Beaver",2003,365,224,117,19,3,2,0,217,90,44,0,106,178,76,5
"Pennsylvania","Berks",2003,365,265,82,16,1,1,0,201,80,39,0,140,135,86,4
"Pennsylvania","Blair",2003,365,307,48,7,3,0,0,197,61,35,0,150,191,0,24
"Pennsylvania","Bucks",2003,365,248,87,23,5,2,0,205,94,41,0,125,169,62,9
"Pennsylvania","Cambria",2003,365,264,90,9,2,0,0,190,71,39,2,106,148,93,16
"Pennsylvania","Centre",2003,365,173,172,16,2,2,0,202,84,53,0,3,157,205,0
"Pennsylvania","Chester",2003,263,134,103,23,1,2,0,207,99,50,0,0,178,85,0
"Pennsylvania","Clearfield",2003,187,132,46,5,4,0,0,192,84,44,0,0,187,0,0
"Pennsylvania","Cumberland",2003,349,161,173,14,1,0,0,157,84,53,0,0,0,349,0
"Pennsylvania","Dauphin",2003,365,149,191,22,2,1,0,203,93,56,1,32,72,259,1
"Pennsylvania","Delaware",2003,364,239,97,25,1,2,0,203,90,43,0,147,132,77,8
"Pennsylvania","Elk",2003,359,301,51,4,3,0,0,182,61,34,0,0,359,0,0
"Pennsylvania","Erie",2003,365,208,144,9,3,1,0,204,79,46,4,50,110,196,5
"Pennsylvania","Franklin",2003,192,128,58,4,2,0,0,174,77,46,0,0,192,0,0
"Pennsylvania","Greene",2003,246,165,71,7,3,0,0,200,84,44,39,0,207,0,0
"Pennsylvania","Lackawanna",2003,365,207,148,8,2,0,0,172,78,45,0,36,104,225,0
"Pennsylvania","Lancaster",2003,365,237,104,20,2,2,0,217,90,42,0,121,152,86,6
"Pennsylvania","Lawrence",2003,365,315,44,5,0,1,0,218,54,35,0,134,166,0,65
"Pennsylvania","Lehigh",2003,365,184,156,21,3,1,0,202,90,50,0,54,108,202,1
"Pennsylvania","Luzerne",2003,365,196,154,12,3,0,0,172,81,48,3,30,93,232,7
"Pennsylvania","Lycoming",2003,239,185,41,9,4,0,0,187,80,41,0,0,214,0,25
"Pennsylvania","Mercer",2003,365,183,167,10,4,1,0,210,81,50,0,0,134,231,0
"Pennsylvania","Montgomery",2003,365,268,83,11,2,1,0,202,80,39,4,139,140,69,13
"Pennsylvania","Northampton",2003,365,164,173,24,2,2,0,203,92,54,0,16,100,230,19
"Pennsylvania","Perry",2003,364,275,79,7,3,0,0,166,73,34,0,116,155,93,0
"Pennsylvania","Philadelphia",2003,365,147,179,34,5,0,0,197,101,55,1,54,92,218,0
"Pennsylvania","Schuylkill",2003,353,353,0,0,0,0,0,16,8,2,353,0,0,0,0
"Pennsylvania","Somerset",2003,335,298,32,5,0,0,0,136,54,33,0,0,335,0,0
"Pennsylvania","Tioga",2003,197,133,54,8,2,0,0,185,87,44,0,0,197,0,0
"Pennsylvania","Washington",2003,365,160,184,15,5,1,0,217,90,54,0,19,111,235,0
"Pennsylvania","Westmoreland",2003,365,247,108,6,3,1,0,205,74,40,0,100,151,98,16
"Pennsylvania","York",2003,364,241,95,25,2,1,0,202,88,43,1,126,136,91,10
"Puerto Rico","Barceloneta",2003,53,49,4,0,0,0,0,61,36,19,0,0,0,0,53
"Puerto Rico","Bayamon",2003,109,103,6,0,0,0,0,75,43,22,0,0,0,88,21
"Puerto Rico","Carolina",2003,55,51,4,0,0,0,0,59,41,19,0,0,0,0,55
"Puerto Rico","Catano",2003,350,327,23,0,0,0,0,69,44,23,0,0,0,0,350
"Puerto Rico","Fajardo",2003,348,333,15,0,0,0,0,66,38,20,0,0,0,122,226
"Puerto Rico","Guayama",2003,118,109,9,0,0,0,0,82,47,22,0,0,0,52,66
"Puerto Rico","Guayanilla",2003,110,104,6,0,0,0,0,79,45,24,0,0,0,110,0
"Puerto Rico","Guaynabo",2003,360,299,61,0,0,0,0,80,54,37,0,0,0,252,108
"Puerto Rico","Humacao",2003,111,107,4,0,0,0,0,76,37,18,0,0,0,82,29
"Puerto Rico","Lares",2003,95,94,1,0,0,0,0,69,38,21,0,0,0,95,0
"Puerto Rico","Manati",2003,58,54,4,0,0,0,0,67,42,19,0,0,0,0,58
"Puerto Rico","Mayagnez",2003,99,89,10,0,0,0,0,72,51,30,0,0,0,99,0
"Puerto Rico","Ponce",2003,111,93,18,0,0,0,0,81,53,29,0,0,0,70,41
"Puerto Rico","Rio Grande",2003,55,51,4,0,0,0,0,62,37,17,0,0,0,0,55
"Puerto Rico","San Juan",2003,365,278,87,0,0,0,0,89,58,39,132,7,0,158,68
"Puerto Rico","Vieques",2003,57,51,6,0,0,0,0,74,53,24,0,0,0,0,57
"Rhode Island","Kent",2003,228,180,36,11,1,0,0,200,71,39,0,3,163,51,11
"Rhode Island","Providence",2003,365,205,147,10,3,0,0,197,80,47,0,57,89,219,0
"Rhode Island","Washington",2003,182,125,44,5,7,1,0,208,93,43,0,0,182,0,0
"South Carolina","Abbeville",2003,224,153,60,11,0,0,0,150,93,44,0,0,224,0,0
"South Carolina","Aiken",2003,339,291,45,3,0,0,0,122,61,28,0,98,225,0,16
"South Carolina","Anderson",2003,221,129,74,18,0,0,0,150,97,47,0,0,221,0,0
"South Carolina","Barnwell",2003,365,310,50,5,0,0,0,126,61,32,0,16,343,0,6
"South Carolina","Beaufort",2003,119,79,40,0,0,0,0,77,60,38,0,0,0,119,0
"South Carolina","Berkeley",2003,364,293,68,3,0,0,0,133,62,36,0,0,296,68,0
"South Carolina","Charleston",2003,365,202,158,5,0,0,0,136,71,47,0,10,120,235,0
"South Carolina","Cherokee",2003,364,290,61,12,1,0,0,154,74,37,0,0,364,0,0
"South Carolina","Chester",2003,232,165,54,13,0,0,0,147,84,42,0,0,232,0,0
"South Carolina","Chesterfield",2003,359,256,91,11,1,0,0,151,77,40,0,0,287,72,0
"South Carolina","Colleton",2003,230,189,38,3,0,0,0,119,64,36,0,0,230,0,0
"South Carolina","Darlington",2003,358,291,57,9,1,0,0,154,74,37,0,0,358,0,0
"South Carolina","Edgefield",2003,357,285,71,1,0,0,0,105,61,36,0,0,266,91,0
"South Carolina","Florence",2003,118,65,53,0,0,0,0,91,67,47,0,0,0,118,0
"South Carolina","Georgetown",2003,298,218,80,0,0,0,0,86,60,35,0,0,0,101,197
"South Carolina","Greenville",2003,365,148,211,6,0,0,0,118,74,54,0,47,0,318,0
"South Carolina","Greenwood",2003,119,63,55,1,0,0,0,104,69,49,0,0,0,119,0
"South Carolina","Horry",2003,119,76,43,0,0,0,0,85,61,44,0,0,0,119,0
"South Carolina","Lexington",2003,303,225,78,0,0,0,0,94,59,33,0,0,0,107,196
"South Carolina","Oconee",2003,356,262,80,14,0,0,0,140,77,42,0,0,317,39,0
"South Carolina","Orangeburg",2003,355,321,34,0,0,0,0,88,49,12,0,262,0,93,0
"South Carolina","Pickens",2003,220,129,70,21,0,0,0,143,100,47,0,0,220,0,0
"South Carolina","Richland",2003,365,152,189,22,2,0,0,169,91,54,1,11,163,175,15
"South Carolina","Spartanburg",2003,359,161,181,15,2,0,0,172,85,54,0,0,108,251,0
"South Carolina","Union",2003,229,174,43,12,0,0,0,147,87,41,0,0,229,0,0
"South Carolina","Williamsburg",2003,221,180,39,2,0,0,0,126,67,37,0,0,221,0,0
"South Carolina","York",2003,248,185,54,9,0,0,0,129,80,39,0,0,231,0,17
"South Dakota","Brookings",2003,125,90,35,0,0,0,0,85,63,35,0,0,0,76,49
"South Dakota","Brown",2003,121,100,21,0,0,0,0,71,56,33,0,0,0,97,24
"South Dakota","Codington",2003,121,86,35,0,0,0,0,81,62,38,0,0,0,97,24
"South Dakota","Custer",2003,118,115,3,0,0,0,0,53,29,11,0,0,0,118,0
"South Dakota","Jackson",2003,227,198,28,1,0,0,0,101,58,30,0,0,147,75,5
"South Dakota","Meade",2003,120,107,13,0,0,0,0,71,52,23,0,0,0,82,38
"South Dakota","Minnehaha",2003,365,308,56,1,0,0,0,105,58,27,0,140,32,88,105
"South Dakota","Pennington",2003,331,225,100,6,0,0,0,122,77,43,0,0,142,33,156
"Tennessee","Anderson",2003,237,171,56,8,2,0,0,169,87,42,0,0,237,0,0
"Tennessee","Blount",2003,364,198,124,34,8,0,0,177,108,49,0,0,314,50,0
"Tennessee","Bradley",2003,303,303,0,0,0,0,0,50,34,22,0,263,0,0,40
"Tennessee","Claiborne",2003,353,289,59,5,0,0,0,126,64,37,0,0,353,0,0
"Tennessee","Davidson",2003,365,130,220,15,0,0,0,150,87,56,1,6,52,306,0
"Tennessee","DeKalb",2003,355,296,52,6,1,0,0,159,64,38,0,0,355,0,0
"Tennessee","Dyer",2003,105,60,44,1,0,0,0,106,68,46,0,0,0,105,0
"Tennessee","Hamilton",2003,286,141,125,16,4,0,0,195,93,51,0,0,187,99,0
"Tennessee","Haywood",2003,304,202,89,12,1,0,0,166,80,44,27,32,245,0,0
"Tennessee","Humphreys",2003,362,283,63,16,0,0,0,150,74,38,0,18,344,0,0
"Tennessee","Jefferson",2003,245,169,62,11,3,0,0,187,87,44,0,0,245,0,0
"Tennessee","Knox",2003,365,128,216,15,6,0,0,187,89,57,0,0,109,256,0
"Tennessee","Lawrence",2003,278,171,98,8,1,0,0,159,77,47,0,0,202,76,0
"Tennessee","Loudon",2003,47,16,31,0,0,0,0,98,84,55,0,0,0,47,0
"Tennessee","Madison",2003,81,63,18,0,0,0,0,76,60,24,0,0,0,39,42
"Tennessee","Maury",2003,109,61,48,0,0,0,0,93,67,46,0,0,0,109,0
"Tennessee","McMinn",2003,320,268,50,2,0,0,0,119,58,24,0,214,0,92,14
"Tennessee","Meigs",2003,303,206,76,21,0,0,0,147,93,44,17,43,243,0,0
"Tennessee","Montgomery",2003,122,69,51,2,0,0,0,108,80,43,0,0,0,107,15
"Tennessee","Obion",2003,302,210,76,15,1,0,0,154,80,43,0,5,297,0,0
"Tennessee","Putnam",2003,279,147,113,18,1,0,0,177,93,49,0,0,211,68,0
"Tennessee","Roane",2003,115,55,60,0,0,0,0,91,74,51,0,0,0,106,9
"Tennessee","Rutherford",2003,236,144,75,16,1,0,0,154,93,46,0,0,236,0,0
"Tennessee","Sevier",2003,363,195,135,30,3,0,0,182,100,49,0,0,363,0,0
"Tennessee","Shelby",2003,365,95,234,29,7,0,0,172,100,61,0,26,87,252,0
"Tennessee","Sullivan",2003,365,239,107,16,3,0,0,182,84,44,1,117,181,66,0
"Tennessee","Sumner",2003,285,143,118,20,4,0,0,174,97,50,0,0,206,79,0
"Tennessee","Union",2003,364,277,86,1,0,0,0,104,60,31,0,0,0,0,364
"Tennessee","Williamson",2003,244,145,79,19,1,0,0,156,97,48,0,0,244,0,0
"Tennessee","Wilson",2003,243,155,70,17,1,0,0,159,97,46,0,0,243,0,0
"Texas","Bexar",2003,365,232,100,26,7,0,0,187,97,45,0,46,242,48,29
"Texas","Bowie",2003,119,55,64,0,0,0,0,83,72,52,0,0,0,119,0
"Texas","Brazoria",2003,365,277,53,24,10,1,0,206,100,37,0,37,322,6,0
"Texas","Brewster",2003,356,297,59,0,0,0,0,90,58,40,0,0,333,23,0
"Texas","Caldwell",2003,30,23,7,0,0,0,0,63,58,39,0,0,0,30,0
"Texas","Cameron",2003,365,276,84,5,0,0,0,123,63,39,1,0,163,57,144
"Texas","Collin",2003,365,249,81,31,3,1,0,201,97,42,0,0,348,17,0
"Texas","Culberson",2003,109,100,7,2,0,0,0,112,43,18,0,0,0,109,0
"Texas","Dallas",2003,365,130,189,35,9,2,0,226,109,58,0,45,153,166,1
"Texas","Denton",2003,365,259,71,26,9,0,0,185,100,40,0,38,327,0,0
"Texas","Ector",2003,123,108,15,0,0,0,0,80,53,30,0,0,0,123,0
"Texas","El Paso",2003,365,104,212,38,6,1,4,1032,110,59,7,52,150,46,110
"Texas","Ellis",2003,365,263,82,15,5,0,0,159,84,40,0,54,284,24,3
"Texas","Galveston",2003,364,253,80,19,10,2,0,238,93,41,0,13,294,56,1
"Texas","Gregg",2003,365,230,119,14,2,0,0,154,87,43,0,8,294,63,0
"Texas","Harris",2003,365,90,206,32,25,12,0,226,151,62,0,51,143,163,8
"Texas","Harrison",2003,363,245,106,10,2,0,0,169,80,44,0,3,290,70,0
"Texas","Hays",2003,211,157,45,8,1,0,0,154,74,41,0,5,206,0,0
"Texas","Hidalgo",2003,365,263,93,9,0,0,0,150,68,40,0,0,205,78,82
"Texas","Hood",2003,358,285,54,18,1,0,0,151,80,38,0,0,358,0,0
"Texas","Hunt",2003,283,202,73,8,0,0,0,133,80,42,0,14,269,0,0
"Texas","Jeff Davis",2003,58,56,2,0,0,0,0,74,32,14,0,0,0,58,0
"Texas","Jefferson",2003,365,196,128,34,6,1,0,209,101,49,0,6,181,178,0
"Texas","Johnson",2003,365,268,66,28,3,0,0,154,93,41,0,0,365,0,0
"Texas","Kaufman",2003,349,273,71,4,1,0,0,166,67,38,0,12,309,28,0
"Texas","Kleberg",2003,55,45,10,0,0,0,0,79,59,34,0,0,0,55,0
"Texas","Lubbock",2003,60,53,7,0,0,0,0,80,54,29,0,0,0,60,0
"Texas","McLennan",2003,30,20,10,0,0,0,0,94,76,37,0,0,0,30,0
"Texas","Montgomery",2003,362,262,85,9,4,2,0,213,71,42,0,13,286,63,0
"Texas","Nueces",2003,365,283,65,15,2,0,0,169,74,38,0,0,300,65,0
"Texas","Orange",2003,365,242,100,18,5,0,0,185,84,42,0,9,253,103,0
"Texas","Parker",2003,357,264,71,17,5,0,0,185,90,40,0,0,357,0,0
"Texas","Potter",2003,136,125,11,0,0,0,0,70,47,25,0,0,0,136,0
"Texas","Rockwall",2003,364,277,66,20,1,0,0,151,87,40,0,0,364,0,0
"Texas","Smith",2003,360,254,83,22,1,0,0,154,87,42,0,5,355,0,0
"Texas","Tarrant",2003,365,130,183,28,22,2,0,203,133,57,0,14,175,176,0
"Texas","Travis",2003,365,238,107,17,3,0,0,177,84,43,0,9,283,69,4
"Texas","Victoria",2003,358,290,52,14,2,0,0,174,77,34,0,0,358,0,0
"Texas","Webb",2003,365,310,52,2,1,0,0,152,58,34,61,0,263,33,8
"Utah","Box Elder",2003,223,116,91,15,1,0,0,185,97,50,0,0,153,70,0
"Utah","Cache",2003,364,224,130,10,0,0,0,126,83,44,0,137,141,82,4
"Utah","Davis",2003,334,224,93,17,0,0,0,143,84,43,8,168,118,40,0
"Utah","Duchesne",2003,55,55,0,0,0,0,0,33,14,7,0,0,0,0,55
"Utah","Garfield",2003,118,118,0,0,0,0,0,38,19,9,0,0,0,118,0
"Utah","Grand",2003,28,27,1,0,0,0,0,57,35,17,0,0,0,0,28
"Utah","Salt Lake",2003,365,144,182,32,6,1,0,296,101,56,0,105,135,81,44
"Utah","San Juan",2003,336,181,147,8,0,0,0,122,87,49,0,0,323,13,0
"Utah","Tooele",2003,60,50,9,1,0,0,0,122,57,19,0,0,0,60,0
"Utah","Uintah",2003,55,55,0,0,0,0,0,25,12,6,0,0,0,0,55
"Utah","Utah",2003,365,185,150,28,2,0,0,195,97,50,11,105,143,97,9
"Utah","Washington",2003,116,115,1,0,0,0,0,58,25,13,0,0,0,116,0
"Utah","Wayne",2003,100,100,0,0,0,0,0,27,19,10,0,0,0,100,0
"Utah","Weber",2003,365,197,131,35,2,0,0,166,101,49,10,172,132,28,23
"Vermont","Addison",2003,11,7,4,0,0,0,0,62,60,27,0,0,0,11,0
"Vermont","Bennington",2003,354,303,45,6,0,0,0,140,56,34,0,0,313,41,0
"Vermont","Chittenden",2003,365,304,55,6,0,0,0,122,61,37,0,52,258,55,0
"Vermont","Rutland",2003,268,237,29,2,0,0,0,105,54,27,3,192,0,73,0
"Vermont","Windham",2003,5,5,0,0,0,0,0,38,38,22,0,0,0,0,5
"Virgin Islands","St Croix",2003,69,55,14,0,0,0,0,69,57,23,0,0,0,43,26
"Virgin Islands","St John",2003,305,295,10,0,0,0,0,100,36,25,0,0,259,46,0
"Virgin Islands","St Thomas",2003,64,48,12,4,0,0,0,110,75,32,0,0,0,29,35
"Virginia","Alexandria City",2003,365,298,58,6,2,1,0,202,64,38,15,233,117,0,0
"Virginia","Arlington",2003,363,222,124,13,2,2,0,210,80,46,3,207,85,68,0
"Virginia","Bristol City",2003,121,54,66,1,0,0,0,147,74,54,0,0,0,121,0
"Virginia","Caroline",2003,207,146,53,5,2,1,0,202,87,43,0,0,207,0,0
"Virginia","Carroll",2003,55,55,0,0,0,0,0,44,25,14,0,0,0,0,55
"Virginia","Charles",2003,319,226,78,13,2,0,0,185,77,41,0,87,154,78,0
"Virginia","Charlottesville City",2003,59,59,0,0,0,0,0,41,25,15,0,0,0,0,59
"Virginia","Chesapeake City",2003,347,200,144,2,1,0,0,153,68,45,0,0,0,347,0
"Virginia","Chesterfield",2003,253,158,80,13,2,0,0,197,87,45,0,0,162,91,0
"Virginia","Culpeper",2003,58,58,0,0,0,0,0,46,23,14,0,0,0,0,58
"Virginia","Fairfax",2003,365,175,163,22,4,1,0,219,92,52,0,62,104,198,1
"Virginia","Fauquier",2003,209,177,26,5,1,0,0,179,64,38,0,0,209,0,0
"Virginia","Frederick",2003,214,153,53,7,1,0,0,172,80,42,0,0,214,0,0
"Virginia","Fredericksburg City",2003,51,50,1,0,0,0,0,51,24,14,0,0,0,0,51
"Virginia","Giles",2003,357,261,85,10,1,0,0,169,74,41,0,0,357,0,0
"Virginia","Hampton City",2003,363,277,75,9,1,1,0,207,71,36,103,0,178,80,2
"Virginia","Hanover",2003,202,127,53,18,4,0,0,185,101,44,0,0,202,0,0
"Virginia","Henrico",2003,256,154,83,16,3,0,0,187,87,46,0,0,162,94,0
"Virginia","King William",2003,60,59,1,0,0,0,0,55,26,12,0,0,0,0,60
"Virginia","Loudoun",2003,365,262,84,16,2,1,0,212,77,40,0,129,157,79,0
"Virginia","Lynchburg City",2003,96,49,46,1,0,0,0,111,73,50,0,0,0,96,0
"Virginia","Madison",2003,341,220,107,9,5,0,0,200,87,45,0,0,319,22,0
"Virginia","Newport News City",2003,114,77,36,0,1,0,0,152,69,41,0,0,0,114,0
"Virginia","Norfolk City",2003,364,302,61,0,1,0,0,153,57,32,8,259,0,96,1
"Virginia","Northumberland",2003,37,36,1,0,0,0,0,65,23,12,0,0,0,0,37
"Virginia","Page",2003,261,169,84,6,2,0,0,197,80,45,0,0,178,83,0
"Virginia","Prince Edward",2003,205,175,25,5,0,0,0,133,64,36,0,0,205,0,0
"Virginia","Prince William",2003,365,310,46,5,3,1,0,204,64,33,0,172,193,0,0
"Virginia","Richmond City",2003,365,161,197,7,0,0,0,123,76,52,1,70,0,294,0
"Virginia","Roanoke",2003,364,310,48,5,1,0,0,164,64,34,0,165,199,0,0
"Virginia","Roanoke City",2003,235,161,73,1,0,0,0,117,66,20,118,0,0,115,2
"Virginia","Rockbridge",2003,263,196,62,5,0,0,0,143,67,41,0,0,171,92,0
"Virginia","Rockingham",2003,129,123,6,0,0,0,0,72,45,30,0,81,0,0,48
"Virginia","Salem City",2003,116,46,69,1,0,0,0,115,76,54,0,0,0,116,0
"Virginia","Stafford",2003,210,148,52,7,2,1,0,204,84,42,0,0,210,0,0
"Virginia","Suffolk City",2003,212,138,56,14,3,1,0,205,97,45,0,0,212,0,0
"Virginia","Virginia Beach City",2003,123,69,53,0,1,0,0,154,74,45,0,0,0,123,0
"Virginia","Warren",2003,60,60,0,0,0,0,0,44,23,14,0,0,0,0,60
"Virginia","Winchester City",2003,61,61,0,0,0,0,0,50,24,16,0,0,0,0,61
"Virginia","Wythe",2003,210,139,63,6,2,0,0,174,80,45,0,0,210,0,0
"Washington","Adams",2003,365,339,25,1,0,0,0,104,45,24,0,0,0,365,0
"Washington","Asotin",2003,60,54,6,0,0,0,0,67,52,20,0,0,0,0,60
"Washington","Benton",2003,353,314,35,3,0,0,1,1334,52,23,0,0,0,173,180
"Washington","Chelan",2003,41,41,0,0,0,0,0,42,28,14,0,0,0,0,41
"Washington","Clallam",2003,365,286,79,0,0,0,0,80,61,34,0,0,168,197,0
"Washington","Clark",2003,365,282,79,4,0,0,0,119,63,37,11,0,114,240,0
"Washington","Columbia",2003,104,90,14,0,0,0,0,71,53,27,0,0,0,104,0
"Washington","Cowlitz",2003,218,183,35,0,0,0,0,98,60,22,0,0,0,218,0
"Washington","Franklin",2003,349,327,22,0,0,0,0,100,45,22,0,0,0,349,0
"Washington","Grant",2003,65,57,8,0,0,0,0,60,52,24,0,0,0,65,0
"Washington","Grays Harbor",2003,365,318,47,0,0,0,0,81,52,29,0,0,0,360,5
"Washington","Jefferson",2003,365,310,55,0,0,0,0,89,56,24,0,0,0,365,0
"Washington","King",2003,365,189,157,17,2,0,0,179,88,50,0,15,78,272,0
"Washington","Kitsap",2003,21,16,5,0,0,0,0,74,60,40,0,0,0,21,0
"Washington","Kittitas",2003,119,119,0,0,0,0,0,48,33,12,0,0,0,87,32
"Washington","Klickitat",2003,220,187,31,2,0,0,0,115,64,38,0,0,147,73,0
"Washington","Lewis",2003,209,157,42,10,0,0,0,133,84,41,0,0,136,73,0
"Washington","Mason",2003,297,253,42,2,0,0,0,103,61,33,0,0,142,155,0
"Washington","Okanogan",2003,362,190,166,6,0,0,0,133,80,47,0,0,0,362,0
"Washington","Pierce",2003,365,185,148,32,0,0,0,150,95,50,1,0,181,182,1
"Washington","Skagit",2003,361,354,7,0,0,0,0,77,44,31,0,20,341,0,0
"Washington","Skamania",2003,29,29,0,0,0,0,0,49,41,19,0,0,0,29,0
"Washington","Snohomish",2003,365,241,114,10,0,0,0,129,81,40,0,0,0,365,0
"Washington","Spokane",2003,365,208,141,16,0,0,0,139,81,47,41,0,124,195,5
"Washington","Stevens",2003,365,252,112,1,0,0,0,105,67,35,0,0,0,355,10
"Washington","Thurston",2003,364,265,91,8,0,0,0,120,75,39,0,0,122,242,0
"Washington","Walla Walla",2003,362,270,89,1,1,0,1,1234,63,30,0,0,0,297,65
"Washington","Whatcom",2003,364,324,40,0,0,0,0,77,52,31,0,0,125,237,2
"Washington","Whitman",2003,365,337,28,0,0,0,0,97,44,22,0,0,0,365,0
"Washington","Yakima",2003,246,209,35,2,0,0,0,122,60,20,120,0,0,88,38
"West Virginia","Berkeley",2003,262,148,103,8,3,0,0,172,80,46,0,0,164,97,1
"West Virginia","Brooke",2003,364,260,99,4,1,0,0,155,71,31,27,0,0,120,217
"West Virginia","Cabell",2003,261,143,104,11,3,0,0,200,81,49,0,0,163,98,0
"West Virginia","Gilmer",2003,363,327,30,6,0,0,0,126,50,31,0,0,363,0,0
"West Virginia","Greenbrier",2003,213,143,62,7,1,0,0,156,84,45,0,0,213,0,0
"West Virginia","Hancock",2003,365,232,121,9,3,0,0,187,80,44,58,0,132,92,83
"West Virginia","Harrison",2003,118,60,57,1,0,0,0,116,71,50,0,0,0,118,0
"West Virginia","Kanawha",2003,365,245,104,12,4,0,0,177,77,41,0,0,157,102,106
"West Virginia","Marion",2003,114,43,69,2,0,0,0,130,74,56,0,0,0,114,0
"West Virginia","Marshall",2003,116,48,66,1,1,0,0,153,78,54,0,0,0,113,3
"West Virginia","Mercer",2003,112,66,43,3,0,0,0,115,71,42,0,0,0,112,0
"West Virginia","Monongalia",2003,263,154,100,7,2,0,0,179,84,47,0,0,165,95,3
"West Virginia","Ohio",2003,365,260,95,7,2,1,0,206,70,36,103,0,161,100,1
"West Virginia","Raleigh",2003,116,67,48,1,0,0,0,113,71,45,0,0,0,116,0
"West Virginia","Summers",2003,106,75,31,0,0,0,0,97,65,34,0,0,0,106,0
"West Virginia","Tucker",2003,362,290,65,6,1,0,0,151,64,37,0,0,311,51,0
"West Virginia","Wayne",2003,176,167,9,0,0,0,0,66,48,31,0,176,0,0,0
"West Virginia","Wood",2003,259,142,107,8,1,1,0,209,83,48,0,0,161,94,4
"Wisconsin","Ashland",2003,62,55,7,0,0,0,0,69,52,22,0,0,0,56,6
"Wisconsin","Brown",2003,237,178,51,5,2,1,0,204,74,43,0,0,161,75,1
"Wisconsin","Columbia",2003,184,115,56,13,0,0,0,143,97,47,0,0,184,0,0
"Wisconsin","Dane",2003,245,149,84,11,1,0,0,154,87,46,0,0,171,74,0
"Wisconsin","Dodge",2003,365,233,111,21,0,0,0,150,84,44,0,0,238,127,0
"Wisconsin","Door",2003,203,156,33,10,3,1,0,214,84,44,0,0,184,19,0
"Wisconsin","Douglas",2003,70,62,8,0,0,0,0,69,52,20,0,0,0,17,53
"Wisconsin","Eau Claire",2003,54,54,0,0,0,0,0,37,27,14,0,0,0,0,54
"Wisconsin","Florence",2003,183,152,30,1,0,0,0,105,61,41,0,0,183,0,0
"Wisconsin","Fond du Lac",2003,184,133,38,13,0,0,0,136,84,44,0,0,184,0,0
"Wisconsin","Forest",2003,57,56,1,0,0,0,0,53,23,8,0,0,0,0,57
"Wisconsin","Grant",2003,119,75,42,2,0,0,0,112,69,39,0,0,0,119,0
"Wisconsin","Green",2003,184,117,58,9,0,0,0,122,87,46,0,0,184,0,0
"Wisconsin","Jefferson",2003,204,131,55,18,0,0,0,147,97,45,0,0,183,21,0
"Wisconsin","Kenosha",2003,246,159,65,18,4,0,0,179,100,44,0,0,177,69,0
"Wisconsin","Kewaunee",2003,184,137,35,7,4,1,0,206,90,44,0,0,184,0,0
"Wisconsin","Manitowoc",2003,243,170,60,7,5,1,0,208,84,42,0,0,173,70,0
"Wisconsin","Marathon",2003,178,129,39,10,0,0,0,126,87,44,0,0,178,0,0
"Wisconsin","Milwaukee",2003,365,264,76,17,8,0,0,187,87,39,69,61,140,94,1
"Wisconsin","Oneida",2003,181,136,41,4,0,0,0,112,71,42,0,0,181,0,0
"Wisconsin","Outagamie",2003,243,186,48,9,0,0,0,150,74,42,0,0,163,80,0
"Wisconsin","Ozaukee",2003,219,152,46,16,4,1,0,207,100,44,0,0,175,44,0
"Wisconsin","Racine",2003,200,156,32,12,0,0,0,147,87,38,17,0,183,0,0
"Wisconsin","Rock",2003,204,133,56,15,0,0,0,140,93,46,0,0,183,21,0
"Wisconsin","Sauk",2003,357,280,65,12,0,0,0,126,67,36,0,7,328,22,0
"Wisconsin","Sheboygan",2003,184,125,40,15,3,1,0,208,101,44,0,0,184,0,0
"Wisconsin","St. Croix",2003,184,133,44,7,0,0,0,136,77,44,0,0,174,10,0
"Wisconsin","Taylor",2003,284,231,52,1,0,0,0,122,58,38,0,0,235,49,0
"Wisconsin","Vernon",2003,180,110,64,6,0,0,0,119,90,46,0,0,180,0,0
"Wisconsin","Vilas",2003,299,245,50,4,0,0,0,119,61,40,0,0,276,20,3
"Wisconsin","Walworth",2003,183,109,53,20,1,0,0,151,101,46,0,0,183,0,0
"Wisconsin","Washington",2003,184,137,37,9,1,0,0,166,87,44,0,0,184,0,0
"Wisconsin","Waukesha",2003,348,226,113,8,1,0,0,154,78,42,3,0,117,228,0
"Wisconsin","Winnebago",2003,201,142,46,13,0,0,0,143,80,45,0,0,184,17,0
"Wisconsin","Wood",2003,24,17,7,0,0,0,0,92,71,40,0,0,0,24,0
"Wyoming","Albany",2003,360,155,181,23,1,0,0,166,97,54,0,0,351,1,8
"Wyoming","Campbell",2003,365,188,164,13,0,0,0,150,82,50,0,1,208,9,147
"Wyoming","Carbon",2003,46,42,3,1,0,0,0,107,50,19,0,0,0,0,46
"Wyoming","Converse",2003,335,326,9,0,0,0,0,86,37,17,0,229,0,26,80
"Wyoming","Fremont",2003,122,95,26,1,0,0,0,102,64,24,0,0,0,94,28
"Wyoming","Johnson",2003,120,118,2,0,0,0,0,57,25,7,0,0,0,120,0
"Wyoming","Laramie",2003,117,113,4,0,0,0,0,64,33,18,0,0,0,104,13
"Wyoming","Lincoln",2003,365,349,15,1,0,0,0,118,36,15,0,0,0,0,365
"Wyoming","Natrona",2003,57,54,2,1,0,0,0,120,38,16,0,0,0,0,57
"Wyoming","Park",2003,109,108,1,0,0,0,0,55,32,12,0,0,0,61,48
"Wyoming","Platte",2003,58,55,3,0,0,0,0,69,39,14,0,0,0,0,58
"Wyoming","Sheridan",2003,238,188,50,0,0,0,0,93,61,31,0,0,0,88,150
"Wyoming","Sublette",2003,307,227,77,3,0,0,0,105,71,43,0,0,278,29,0
"Wyoming","Sweetwater",2003,365,285,71,9,0,0,0,131,59,28,0,0,0,0,365
"Wyoming","Teton",2003,331,257,73,1,0,0,0,101,64,44,2,0,306,18,5
